Row,collision
scenario0,-0.714807021203393
scenario1,-0.714807021203393
scenario2,-0.714807021203393
scenario3,-0.714807021203393
scenario4,-0.714807021203393
scenario5,-0.714807021203393
scenario6,-0.714807021203393
scenario7,-0.714807021203393
scenario8,-0.714807021203393
scenario9,1.39396189255196
scenario10,-0.714807021203393
scenario11,-0.714807021203393
scenario12,1.39396189255196
scenario13,1.40591610882597
scenario14,1.40591610882597
scenario15,1.39396189255196
scenario16,-0.714807021203393
scenario17,-0.714807021203393
scenario18,1.40591610882597
scenario19,1.40591610882597
scenario20,1.39396189255196
scenario21,1.39396189255196
scenario22,1.40591610882597
scenario23,-0.714807021203393
scenario24,-0.714807021203393
scenario25,1.39396189255196
scenario26,1.39396189255196
scenario27,1.39396189255196
scenario28,1.40591610882597
scenario29,-0.714807021203393
scenario30,1.40591610882597
scenario31,1.40591610882597
scenario32,-0.714807021203393
scenario33,1.39396189255196
scenario34,1.40591610882597
scenario35,-0.714807021203393
scenario36,1.40591610882597
scenario37,-0.714807021203393
scenario38,1.40591610882597
scenario39,1.40591610882597
scenario40,1.39396189255196
scenario41,1.40591610882597
scenario42,1.39396189255196
scenario43,1.39396189255196
scenario44,1.39396189255196
scenario45,1.40591610882597
scenario46,1.39396189255196
scenario47,1.39396189255196
scenario48,-0.714807021203393
scenario49,-0.714807021203393
scenario50,-0.714807021203393
scenario51,-0.714807021203393
scenario52,1.39396189255196
scenario53,-0.714807021203393
scenario54,1.40591610882597
scenario55,-0.714807021203393
scenario56,1.40591610882597
scenario57,1.40591610882597
scenario58,1.39396189255196
scenario59,-0.714807021203393
scenario60,-0.714807021203393
scenario61,-0.714807021203393
scenario62,-0.714807021203393
scenario63,-0.714807021203393
scenario64,-0.714807021203393
scenario65,-0.714807021203393
scenario66,-0.714807021203393
scenario67,-0.714807021203393
scenario68,-0.714807021203393
scenario69,-0.714807021203393
scenario70,-0.714807021203393
scenario71,1.40591610882597
scenario72,-0.714807021203393
scenario73,-0.714807021203393
scenario74,-0.714807021203393
scenario75,1.39396189255196
scenario76,1.39396189255196
scenario77,1.39396189255196
scenario78,-0.714807021203393
scenario79,1.40591610882597
scenario80,1.39396189255196
scenario81,-0.714807021203393
scenario82,1.40591610882597
scenario83,1.40591610882597
scenario84,-0.714807021203393
scenario85,1.39396189255196
scenario86,1.40591610882597
scenario87,1.39396189255196
scenario88,-0.714807021203393
scenario89,1.40591610882597
scenario90,1.40591610882597
scenario91,1.39396189255196
scenario92,-0.714807021203393
scenario93,-0.714807021203393
scenario94,-0.714807021203393
scenario95,-0.714807021203393
scenario96,-0.714807021203393
scenario97,1.39396189255196
scenario98,-0.714807021203393
scenario99,-0.714807021203393
scenario100,-0.714807021203393
scenario101,-0.714807021203393
scenario102,-0.714807021203393
scenario103,-0.714807021203393
scenario104,-0.714807021203393
scenario105,-0.714807021203393
scenario106,1.40591610882597
scenario107,-0.714807021203393
scenario108,-0.714807021203393
scenario109,-0.714807021203393
scenario110,-0.714807021203393
scenario111,-0.714807021203393
scenario112,-0.714807021203393
scenario113,-0.714807021203393
scenario114,-0.714807021203393
scenario115,-0.714807021203393
scenario116,-0.714807021203393
scenario117,-0.714807021203393
scenario118,-0.714807021203393
scenario119,-0.714807021203393
scenario120,-0.714807021203393
scenario121,-0.714807021203393
scenario122,-0.714807021203393
scenario123,-0.714807021203393
scenario124,-0.714807021203393
scenario125,-0.714807021203393
scenario126,1.40591610882597
scenario127,-0.714807021203393
scenario128,-0.714807021203393
scenario129,-0.714807021203393
scenario130,-0.714807021203393
scenario131,1.40591610882597
scenario132,-0.714807021203393
scenario133,1.40591610882597
scenario134,1.40591610882597
scenario135,1.40591610882597
scenario136,1.40591610882597
scenario137,-0.714807021203393
scenario138,1.40591610882597
scenario139,1.40591610882597
scenario140,1.40591610882597
scenario141,1.40591610882597
scenario142,1.40591610882597
scenario143,1.40591610882597
scenario144,1.40591610882597
scenario145,1.40591610882597
scenario146,1.40591610882597
scenario147,1.40591610882597
scenario148,1.39396189255196
scenario149,1.40591610882597
scenario150,-0.714807021203393
scenario151,1.39396189255196
scenario152,1.40591610882597
scenario153,1.40591610882597
scenario154,1.40591610882597
scenario155,1.40591610882597
scenario156,1.40591610882597
scenario157,1.39396189255196
scenario158,1.39396189255196
scenario159,1.40591610882597
scenario160,1.40591610882597
scenario161,1.40591610882597
scenario162,1.40591610882597
scenario163,-0.714807021203393
scenario164,1.40591610882597
scenario165,1.39396189255196
scenario166,1.40591610882597
scenario167,1.40591610882597
scenario168,-0.714807021203393
scenario169,1.40591610882597
scenario170,1.40591610882597
scenario171,1.40591610882597
scenario172,1.40591610882597
scenario173,1.39396189255196
scenario174,-0.714807021203393
scenario175,-0.714807021203393
scenario176,1.40591610882597
scenario177,-0.714807021203393
scenario178,1.40591610882597
scenario179,1.40591610882597
scenario180,-0.714807021203393
scenario181,-0.714807021203393
scenario182,1.40591610882597
scenario183,-0.714807021203393
scenario184,-0.714807021203393
scenario185,-0.714807021203393
scenario186,-0.714807021203393
scenario187,1.40591610882597
scenario188,1.40591610882597
scenario189,1.40591610882597
scenario190,1.39396189255196
scenario191,-0.714807021203393
scenario192,1.40591610882597
scenario193,1.40591610882597
scenario194,1.40591610882597
scenario195,-0.714807021203393
scenario196,1.40591610882597
scenario197,1.40591610882597
scenario198,1.40591610882597
scenario199,1.39396189255196
scenario200,1.40591610882597
scenario201,-0.714807021203393
scenario202,1.40591610882597
scenario203,1.40591610882597
scenario204,1.40591610882597
scenario205,1.40591610882597
scenario206,-0.714807021203393
scenario207,1.40591610882597
scenario208,-0.714807021203393
scenario209,-0.714807021203393
scenario210,-0.714807021203393
scenario211,-0.714807021203393
scenario212,-0.714807021203393
scenario213,-0.714807021203393
scenario214,-0.714807021203393
scenario215,-0.714807021203393
scenario216,-0.714807021203393
scenario217,-0.714807021203393
scenario218,1.40591610882597
scenario219,-0.714807021203393
scenario220,-0.714807021203393
scenario221,-0.714807021203393
scenario222,-0.714807021203393
scenario223,-0.714807021203393
scenario224,-0.714807021203393
scenario225,-0.714807021203393
scenario226,-0.714807021203393
scenario227,-0.714807021203393
scenario228,-0.714807021203393
scenario229,-0.714807021203393
scenario230,-0.714807021203393
scenario231,-0.714807021203393
scenario232,-0.714807021203393
scenario233,-0.714807021203393
scenario234,-0.714807021203393
scenario235,-0.714807021203393
scenario236,-0.714807021203393
scenario237,-0.714807021203393
scenario238,1.40591610882597
scenario239,1.40591610882597
scenario240,1.40591610882597
scenario241,1.40591610882597
scenario242,1.40591610882597
scenario243,1.40591610882597
scenario244,1.40591610882597
scenario245,1.40591610882597
scenario246,1.40591610882597
scenario247,-0.714807021203393
scenario248,-0.714807021203393
scenario249,-0.714807021203393
scenario250,1.40591610882597
scenario251,1.40591610882597
scenario252,1.40591610882597
scenario253,-0.714807021203393
scenario254,-0.714807021203393
scenario255,-0.714807021203393
scenario256,-0.714807021203393
scenario257,-0.714807021203393
scenario258,-0.714807021203393
scenario259,-0.714807021203393
scenario260,-0.714807021203393
scenario261,-0.714807021203393
scenario262,-0.714807021203393
scenario263,-0.714807021203393
scenario264,-0.714807021203393
scenario265,-0.714807021203393
scenario266,-0.714807021203393
scenario267,-0.714807021203393
scenario268,-0.714807021203393
scenario269,-0.714807021203393
scenario270,-0.714807021203393
scenario271,-0.714807021203393
scenario272,-0.714807021203393
scenario273,1.40591610882597
scenario274,-0.714807021203393
scenario275,1.40591610882597
scenario276,1.40591610882597
scenario277,1.40591610882597
scenario278,-0.714807021203393
scenario279,1.39396189255196
scenario280,-0.714807021203393
scenario281,-0.714807021203393
scenario282,1.40591610882597
scenario283,1.39396189255196
scenario284,1.40591610882597
scenario285,1.40591610882597
scenario286,1.40591610882597
scenario287,1.40591610882597
scenario288,1.40591610882597
scenario289,1.39396189255196
scenario290,-0.714807021203393
scenario291,-0.714807021203393
scenario292,-0.714807021203393
scenario293,-0.714807021203393
scenario294,-0.714807021203393
scenario295,-0.714807021203393
scenario296,-0.714807021203393
scenario297,-0.714807021203393
scenario298,-0.714807021203393
scenario299,-0.714807021203393
scenario300,-0.714807021203393
scenario301,-0.714807021203393
scenario302,-0.714807021203393
scenario303,-0.714807021203393
scenario304,-0.714807021203393
scenario305,-0.714807021203393
scenario306,-0.714807021203393
scenario307,1.40591610882597
scenario308,1.40591610882597
scenario309,1.40591610882597
scenario310,-0.714807021203393
scenario311,1.40591610882597
scenario312,1.40591610882597
scenario313,1.40591610882597
scenario314,-0.714807021203393
scenario315,1.40591610882597
scenario316,1.40591610882597
scenario317,-0.714807021203393
scenario318,1.40591610882597
scenario319,1.40591610882597
scenario320,1.40591610882597
scenario321,1.40591610882597
scenario322,-0.714807021203393
scenario323,-0.714807021203393
scenario324,1.40591610882597
scenario325,1.40591610882597
scenario326,1.40591610882597
scenario327,-0.714807021203393
scenario328,-0.714807021203393
scenario329,-0.714807021203393
scenario330,-0.714807021203393
scenario331,-0.714807021203393
scenario332,-0.714807021203393
scenario333,1.40591610882597
scenario334,-0.714807021203393
scenario335,-0.714807021203393
scenario336,-0.714807021203393
scenario337,-0.714807021203393
scenario338,1.40591610882597
scenario339,1.40591610882597
scenario340,1.40591610882597
scenario341,1.40591610882597
scenario342,1.40591610882597
scenario343,-0.714807021203393
scenario344,-0.714807021203393
scenario345,-0.714807021203393
scenario346,-0.714807021203393
scenario347,-0.714807021203393
scenario348,1.40591610882597
scenario349,1.40591610882597
scenario350,1.40591610882597
scenario351,-0.714807021203393
scenario352,1.40591610882597
scenario353,1.39396189255196
scenario354,1.40591610882597
scenario355,1.40591610882597
scenario356,-0.714807021203393
scenario357,1.40591610882597
scenario358,1.39396189255196
scenario359,1.40591610882597
scenario360,1.40591610882597
scenario361,1.40591610882597
scenario362,-0.714807021203393
scenario363,-0.714807021203393
scenario364,-0.714807021203393
scenario365,1.40591610882597
scenario366,-0.714807021203393
scenario367,1.40591610882597
scenario368,-0.714807021203393
scenario369,-0.714807021203393
scenario370,-0.714807021203393
scenario371,-0.714807021203393
scenario372,1.39396189255196
scenario373,-0.714807021203393
scenario374,-0.714807021203393
scenario375,-0.714807021203393
scenario376,-0.714807021203393
scenario377,-0.714807021203393
scenario378,1.39396189255196
scenario379,1.39396189255196
scenario380,-0.714807021203393
scenario381,-0.714807021203393
scenario382,1.39396189255196
scenario383,-0.714807021203393
scenario384,-0.714807021203393
scenario385,-0.714807021203393
scenario386,1.39396189255196
scenario387,-0.714807021203393
scenario388,-0.714807021203393
scenario389,-0.714807021203393
scenario390,1.39396189255196
scenario391,-0.714807021203393
scenario392,-0.714807021203393
scenario393,1.39396189255196
scenario394,1.39396189255196
scenario395,-0.714807021203393
scenario396,-0.714807021203393
scenario397,-0.714807021203393
scenario398,-0.714807021203393
scenario399,1.39396189255196
scenario400,-0.714807021203393
scenario401,-0.714807021203393
scenario402,-0.714807021203393
scenario403,-0.714807021203393
scenario404,-0.714807021203393
scenario405,-0.714807021203393
scenario406,-0.714807021203393
scenario407,-0.714807021203393
scenario408,-0.714807021203393
scenario409,-0.714807021203393
scenario410,1.39396189255196
scenario411,-0.714807021203393
scenario412,-0.714807021203393
scenario413,-0.714807021203393
scenario414,-0.714807021203393
scenario415,-0.714807021203393
scenario416,-0.714807021203393
scenario417,-0.714807021203393
scenario418,1.39396189255196
scenario419,-0.714807021203393
scenario420,-0.714807021203393
scenario421,1.39396189255196
scenario422,1.39396189255196
scenario423,1.39396189255196
scenario424,1.39396189255196
scenario425,-0.714807021203393
scenario426,-0.714807021203393
scenario427,1.39396189255196
scenario428,1.39396189255196
scenario429,-0.714807021203393
scenario430,1.40591610882597
scenario431,1.39396189255196
scenario432,-0.714807021203393
scenario433,-0.714807021203393
scenario434,1.39396189255196
scenario435,1.39396189255196
scenario436,1.39396189255196
scenario437,1.39396189255196
scenario438,1.39396189255196
scenario439,1.39396189255196
scenario440,1.39396189255196
scenario441,1.39396189255196
scenario442,-0.714807021203393
scenario443,1.39396189255196
scenario444,1.39396189255196
scenario445,1.39396189255196
scenario446,-0.714807021203393
scenario447,-0.714807021203393
scenario448,1.39396189255196
scenario449,1.39396189255196
scenario450,1.39396189255196
scenario451,1.39396189255196
scenario452,1.39396189255196
scenario453,1.39396189255196
scenario454,1.39396189255196
scenario455,1.39396189255196
scenario456,1.39396189255196
scenario457,1.39396189255196
scenario458,1.39396189255196
scenario459,1.39396189255196
scenario460,1.39396189255196
scenario461,1.39396189255196
scenario462,1.39396189255196
scenario463,1.39396189255196
scenario464,1.39396189255196
scenario465,1.39396189255196
scenario466,1.39396189255196
scenario467,-0.714807021203393
scenario468,1.39396189255196
scenario469,1.39396189255196
scenario470,1.39396189255196
scenario471,1.39396189255196
scenario472,1.39396189255196
scenario473,1.39396189255196
scenario474,1.39396189255196
scenario475,-0.714807021203393
scenario476,1.39396189255196
scenario477,-0.714807021203393
scenario478,-0.714807021203393
scenario479,-0.714807021203393
scenario480,-0.714807021203393
scenario481,-0.714807021203393
scenario482,-0.714807021203393
scenario483,-0.714807021203393
scenario484,-0.714807021203393
scenario485,-0.714807021203393
scenario486,-0.714807021203393
scenario487,-0.714807021203393
scenario488,-0.714807021203393
scenario489,-0.714807021203393
scenario490,1.39396189255196
scenario491,-0.714807021203393
scenario492,-0.714807021203393
scenario493,-0.714807021203393
scenario494,-0.714807021203393
scenario495,1.40591610882597
scenario496,1.40591610882597
scenario497,-0.714807021203393
scenario498,-0.714807021203393
scenario499,-0.714807021203393
scenario500,-0.714807021203393
scenario501,-0.714807021203393
scenario502,-0.714807021203393
scenario503,-0.714807021203393
scenario504,-0.714807021203393
scenario505,-0.714807021203393
scenario506,-0.714807021203393
scenario507,1.40591610882597
scenario508,-0.714807021203393
scenario509,-0.714807021203393
scenario510,-0.714807021203393
scenario511,-0.714807021203393
scenario512,-0.714807021203393
scenario513,-0.714807021203393
scenario514,-0.714807021203393
scenario515,-0.714807021203393
scenario516,-0.714807021203393
scenario517,-0.714807021203393
scenario518,-0.714807021203393
scenario519,-0.714807021203393
scenario520,-0.714807021203393
scenario521,-0.714807021203393
scenario522,-0.714807021203393
scenario523,-0.714807021203393
scenario524,-0.714807021203393
scenario525,-0.714807021203393
scenario526,-0.714807021203393
scenario527,-0.714807021203393
scenario528,-0.714807021203393
scenario529,-0.714807021203393
scenario530,-0.714807021203393
scenario531,-0.714807021203393
scenario532,-0.714807021203393
scenario533,-0.714807021203393
scenario534,-0.714807021203393
scenario535,-0.714807021203393
scenario536,-0.714807021203393
scenario537,-0.714807021203393
scenario538,-0.714807021203393
scenario539,-0.714807021203393
scenario540,1.40591610882597
scenario541,-0.714807021203393
scenario542,-0.714807021203393
scenario543,-0.714807021203393
scenario544,-0.714807021203393
scenario545,1.40591610882597
scenario546,-0.714807021203393
scenario547,1.39396189255196
scenario548,-0.714807021203393
scenario549,-0.714807021203393
scenario550,-0.714807021203393
scenario551,-0.714807021203393
scenario552,-0.714807021203393
scenario553,-0.714807021203393
scenario554,-0.714807021203393
scenario555,-0.714807021203393
scenario556,-0.714807021203393
scenario557,-0.714807021203393
scenario558,-0.714807021203393
scenario559,-0.714807021203393
scenario560,-0.714807021203393
scenario561,-0.714807021203393
scenario562,-0.714807021203393
scenario563,-0.714807021203393
scenario564,-0.714807021203393
scenario565,-0.714807021203393
scenario566,-0.714807021203393
scenario567,-0.714807021203393
scenario568,-0.714807021203393
scenario569,-0.714807021203393
scenario570,-0.714807021203393
scenario571,-0.714807021203393
scenario572,-0.714807021203393
scenario573,-0.714807021203393
scenario574,-0.714807021203393
scenario575,-0.714807021203393
scenario576,-0.714807021203393
scenario577,-0.714807021203393
scenario578,-0.714807021203393
scenario579,-0.714807021203393
scenario580,-0.714807021203393
scenario581,-0.714807021203393
scenario582,-0.714807021203393
scenario583,-0.714807021203393
scenario584,-0.714807021203393
scenario585,-0.714807021203393
scenario586,-0.714807021203393
scenario587,1.40591610882597
scenario588,-0.714807021203393
scenario589,-0.714807021203393
scenario590,-0.714807021203393
scenario591,-0.714807021203393
scenario592,-0.714807021203393
scenario593,-0.714807021203393
scenario594,-0.714807021203393
scenario595,-0.714807021203393
scenario596,-0.714807021203393
scenario597,-0.714807021203393
scenario598,-0.714807021203393
scenario599,1.40591610882597
scenario600,-0.714807021203393
scenario601,-0.714807021203393
scenario602,-0.714807021203393
scenario603,-0.714807021203393
scenario604,-0.714807021203393
scenario605,-0.714807021203393
scenario606,-0.714807021203393
scenario607,-0.714807021203393
scenario608,-0.714807021203393
scenario609,-0.714807021203393
scenario610,-0.714807021203393
scenario611,-0.714807021203393
scenario612,-0.714807021203393
scenario613,-0.714807021203393
scenario614,-0.714807021203393
scenario615,-0.714807021203393
scenario616,-0.714807021203393
scenario617,-0.714807021203393
scenario618,1.40591610882597
scenario619,-0.714807021203393
scenario620,-0.714807021203393
scenario621,-0.714807021203393
scenario622,-0.714807021203393
scenario623,-0.714807021203393
scenario624,-0.714807021203393
scenario625,-0.714807021203393
scenario626,-0.714807021203393
scenario627,-0.714807021203393
scenario628,-0.714807021203393
scenario629,-0.714807021203393
scenario630,-0.714807021203393
scenario631,-0.714807021203393
scenario632,-0.714807021203393
scenario633,-0.714807021203393
scenario634,-0.714807021203393
scenario635,1.40591610882597
scenario636,-0.714807021203393
scenario637,-0.714807021203393
scenario638,-0.714807021203393
scenario639,1.40591610882597
scenario640,-0.714807021203393
scenario641,-0.714807021203393
scenario642,-0.714807021203393
scenario643,-0.714807021203393
scenario644,-0.714807021203393
scenario645,-0.714807021203393
scenario646,1.40591610882597
scenario647,-0.714807021203393
scenario648,-0.714807021203393
scenario649,-0.714807021203393
scenario650,-0.714807021203393
scenario651,-0.714807021203393
scenario652,-0.714807021203393
scenario653,-0.714807021203393
scenario654,-0.714807021203393
scenario655,1.40591610882597
scenario656,-0.714807021203393
scenario657,-0.714807021203393
scenario658,-0.714807021203393
scenario659,-0.714807021203393
scenario660,-0.714807021203393
scenario661,1.39396189255196
scenario662,-0.714807021203393
scenario663,-0.714807021203393
scenario664,-0.714807021203393
scenario665,-0.714807021203393
scenario666,-0.714807021203393
scenario667,-0.714807021203393
scenario668,1.39396189255196
scenario669,-0.714807021203393
scenario670,-0.714807021203393
scenario671,-0.714807021203393
scenario672,-0.714807021203393
scenario673,-0.714807021203393
scenario674,-0.714807021203393
scenario675,-0.714807021203393
scenario676,1.40591610882597
scenario677,-0.714807021203393
scenario678,-0.714807021203393
scenario679,-0.714807021203393
scenario680,-0.714807021203393
scenario681,-0.714807021203393
scenario682,1.39396189255196
scenario683,-0.714807021203393
scenario684,-0.714807021203393
scenario685,-0.714807021203393
scenario686,-0.714807021203393
scenario687,-0.714807021203393
scenario688,1.40591610882597
scenario689,-0.714807021203393
scenario690,-0.714807021203393
scenario691,-0.714807021203393
scenario692,-0.714807021203393
scenario693,-0.714807021203393
scenario694,-0.714807021203393
scenario695,-0.714807021203393
scenario696,-0.714807021203393
scenario697,-0.714807021203393
scenario698,1.39396189255196
scenario699,-0.714807021203393
scenario700,-0.714807021203393
scenario701,1.40591610882597
scenario702,-0.714807021203393
scenario703,-0.714807021203393
scenario704,-0.714807021203393
scenario705,1.39396189255196
scenario706,-0.714807021203393
scenario707,-0.714807021203393
scenario708,-0.714807021203393
scenario709,-0.714807021203393
scenario710,-0.714807021203393
scenario711,-0.714807021203393
scenario712,-0.714807021203393
scenario713,-0.714807021203393
scenario714,-0.714807021203393
scenario715,-0.714807021203393
scenario716,-0.714807021203393
scenario717,-0.714807021203393
scenario718,-0.714807021203393
scenario719,-0.714807021203393
scenario720,-0.714807021203393
scenario721,1.39396189255196
scenario722,-0.714807021203393
scenario723,-0.714807021203393
scenario724,-0.714807021203393
scenario725,-0.714807021203393
scenario726,-0.714807021203393
scenario727,-0.714807021203393
scenario728,-0.714807021203393
scenario729,-0.714807021203393
scenario730,1.40591610882597
scenario731,-0.714807021203393
scenario732,-0.714807021203393
scenario733,-0.714807021203393
scenario734,-0.714807021203393
scenario735,-0.714807021203393
scenario736,1.39396189255196
scenario737,-0.714807021203393
scenario738,-0.714807021203393
scenario739,1.40591610882597
scenario740,1.39396189255196
scenario741,-0.714807021203393
scenario742,-0.714807021203393
scenario743,-0.714807021203393
scenario744,-0.714807021203393
scenario745,-0.714807021203393
scenario746,-0.714807021203393
scenario747,-0.714807021203393
scenario748,-0.714807021203393
scenario749,-0.714807021203393
scenario750,-0.714807021203393
scenario751,-0.714807021203393
scenario752,-0.714807021203393
scenario753,-0.714807021203393
scenario754,-0.714807021203393
scenario755,-0.714807021203393
scenario756,-0.714807021203393
scenario757,-0.714807021203393
scenario758,-0.714807021203393
scenario759,-0.714807021203393
scenario760,-0.714807021203393
scenario761,-0.714807021203393
scenario762,-0.714807021203393
scenario763,-0.714807021203393
scenario764,-0.714807021203393
scenario765,-0.714807021203393
scenario766,-0.714807021203393
scenario767,-0.714807021203393
scenario768,-0.714807021203393
scenario769,-0.714807021203393
scenario770,-0.714807021203393
scenario771,-0.714807021203393
scenario772,-0.714807021203393
scenario773,-0.714807021203393
scenario774,-0.714807021203393
scenario775,-0.714807021203393
scenario776,-0.714807021203393
scenario777,-0.714807021203393
scenario778,-0.714807021203393
scenario779,-0.714807021203393
scenario780,-0.714807021203393
scenario781,-0.714807021203393
scenario782,-0.714807021203393
scenario783,-0.714807021203393
scenario784,-0.714807021203393
scenario785,-0.714807021203393
scenario786,-0.714807021203393
scenario787,-0.714807021203393
scenario788,-0.714807021203393
scenario789,-0.714807021203393
scenario790,-0.714807021203393
scenario791,-0.714807021203393
scenario792,-0.714807021203393
scenario793,-0.714807021203393
scenario794,-0.714807021203393
scenario795,-0.714807021203393
scenario796,-0.714807021203393
scenario797,1.39396189255196
scenario798,-0.714807021203393
scenario799,-0.714807021203393
scenario800,-0.714807021203393
scenario801,-0.714807021203393
scenario802,-0.714807021203393
scenario803,-0.714807021203393
scenario804,-0.714807021203393
scenario805,-0.714807021203393
scenario806,-0.714807021203393
scenario807,-0.714807021203393
scenario808,-0.714807021203393
scenario809,-0.714807021203393
scenario810,1.40591610882597
scenario811,-0.714807021203393
scenario812,-0.714807021203393
scenario813,-0.714807021203393
scenario814,1.40591610882597
scenario815,-0.714807021203393
scenario816,-0.714807021203393
scenario817,-0.714807021203393
scenario818,-0.714807021203393
scenario819,-0.714807021203393
scenario820,-0.714807021203393
scenario821,-0.714807021203393
scenario822,-0.714807021203393
scenario823,-0.714807021203393
scenario824,1.40591610882597
scenario825,-0.714807021203393
scenario826,-0.714807021203393
scenario827,-0.714807021203393
scenario828,-0.714807021203393
scenario829,-0.714807021203393
scenario830,-0.714807021203393
scenario831,-0.714807021203393
scenario832,-0.714807021203393
scenario833,-0.714807021203393
scenario834,-0.714807021203393
scenario835,-0.714807021203393
scenario836,-0.714807021203393
scenario837,-0.714807021203393
scenario838,-0.714807021203393
scenario839,-0.714807021203393
scenario840,-0.714807021203393
scenario841,-0.714807021203393
scenario842,-0.714807021203393
scenario843,-0.714807021203393
scenario844,-0.714807021203393
scenario845,-0.714807021203393
scenario846,-0.714807021203393
scenario847,-0.714807021203393
scenario848,-0.714807021203393
scenario849,-0.714807021203393
scenario850,-0.714807021203393
scenario851,-0.714807021203393
scenario852,-0.714807021203393
scenario853,-0.714807021203393
scenario854,-0.714807021203393
scenario855,-0.714807021203393
scenario856,-0.714807021203393
scenario857,-0.714807021203393
scenario858,-0.714807021203393
scenario859,-0.714807021203393
scenario860,-0.714807021203393
scenario861,1.39396189255196
scenario862,-0.714807021203393
scenario863,-0.714807021203393
scenario864,1.39396189255196
scenario865,1.40591610882597
scenario866,-0.714807021203393
scenario867,-0.714807021203393
scenario868,-0.714807021203393
scenario869,-0.714807021203393
scenario870,-0.714807021203393
scenario871,-0.714807021203393
scenario872,1.39396189255196
scenario873,-0.714807021203393
scenario874,1.40591610882597
scenario875,-0.714807021203393
scenario876,-0.714807021203393
scenario877,1.40591610882597
scenario878,-0.714807021203393
scenario879,-0.714807021203393
scenario880,-0.714807021203393
scenario881,-0.714807021203393
scenario882,-0.714807021203393
scenario883,-0.714807021203393
scenario884,-0.714807021203393
scenario885,-0.714807021203393
scenario886,-0.714807021203393
scenario887,1.39396189255196
scenario888,-0.714807021203393
scenario889,-0.714807021203393
scenario890,-0.714807021203393
scenario891,-0.714807021203393
scenario892,1.39396189255196
scenario893,1.39396189255196
scenario894,-0.714807021203393
scenario895,-0.714807021203393
scenario896,-0.714807021203393
scenario897,1.39396189255196
scenario898,1.39396189255196
scenario899,1.39396189255196
scenario900,1.39396189255196
scenario901,1.39396189255196
scenario902,-0.714807021203393
scenario903,-0.714807021203393
scenario904,1.39396189255196
scenario905,1.39396189255196
scenario906,1.39396189255196
scenario907,1.39396189255196
scenario908,1.39396189255196
scenario909,1.39396189255196
scenario910,1.39396189255196
scenario911,1.39396189255196
scenario912,-0.714807021203393
scenario913,1.39396189255196
scenario914,1.39396189255196
scenario915,-0.714807021203393
scenario916,-0.714807021203393
scenario917,1.39396189255196
scenario918,-0.714807021203393
scenario919,1.39396189255196
scenario920,1.39396189255196
scenario921,1.39396189255196
scenario922,-0.714807021203393
scenario923,1.39396189255196
scenario924,-0.714807021203393
scenario925,-0.714807021203393
scenario926,-0.714807021203393
scenario927,1.39396189255196
scenario928,-0.714807021203393
scenario929,1.39396189255196
scenario930,1.39396189255196
scenario931,1.39396189255196
scenario932,1.39396189255196
scenario933,1.39396189255196
scenario934,1.39396189255196
scenario935,-0.714807021203393
scenario936,-0.714807021203393
scenario937,-0.714807021203393
scenario938,-0.714807021203393
scenario939,-0.714807021203393
scenario940,1.39396189255196
scenario941,-0.714807021203393
scenario942,-0.714807021203393
scenario943,1.39396189255196
scenario944,-0.714807021203393
scenario945,-0.714807021203393
scenario946,-0.714807021203393
scenario947,1.39396189255196
scenario948,-0.714807021203393
scenario949,1.39396189255196
scenario950,-0.714807021203393
scenario951,1.39396189255196
scenario952,1.39396189255196
scenario953,1.39396189255196
scenario954,-0.714807021203393
scenario955,1.39396189255196
scenario956,1.39396189255196
scenario957,-0.714807021203393
scenario958,1.39396189255196
scenario959,-0.714807021203393
scenario960,-0.714807021203393
scenario961,-0.714807021203393
scenario962,-0.714807021203393
scenario963,-0.714807021203393
scenario964,-0.714807021203393
scenario965,-0.714807021203393
scenario966,-0.714807021203393
scenario967,-0.714807021203393
scenario968,-0.714807021203393
scenario969,-0.714807021203393
scenario970,-0.714807021203393
scenario971,-0.714807021203393
scenario972,-0.714807021203393
scenario973,1.39396189255196
scenario974,-0.714807021203393
scenario975,-0.714807021203393
scenario976,-0.714807021203393
scenario977,1.39396189255196
scenario978,-0.714807021203393
scenario979,-0.714807021203393
scenario980,-0.714807021203393
scenario981,-0.714807021203393
scenario982,1.39396189255196
scenario983,-0.714807021203393
scenario984,-0.714807021203393
scenario985,1.39396189255196
scenario986,-0.714807021203393
scenario987,1.39396189255196
scenario988,-0.714807021203393
scenario989,1.39396189255196
scenario990,1.39396189255196
scenario991,1.39396189255196
scenario992,-0.714807021203393
scenario993,1.39396189255196
scenario994,1.39396189255196
scenario995,1.39396189255196
scenario996,-0.714807021203393
scenario997,-0.714807021203393
scenario998,1.39396189255196
scenario999,1.39396189255196
scenario1000,1.39396189255196
scenario1001,-0.714807021203393
scenario1002,1.39396189255196
scenario1003,-0.714807021203393
scenario1004,-0.714807021203393
scenario1005,1.39396189255196
scenario1006,-0.714807021203393
scenario1007,-0.714807021203393
scenario1008,1.39396189255196
scenario1009,1.39396189255196
scenario1010,-0.714807021203393
scenario1011,1.39396189255196
scenario1012,-0.714807021203393
scenario1013,1.39396189255196
scenario1014,1.39396189255196
scenario1015,-0.714807021203393
scenario1016,-0.714807021203393
scenario1017,1.39396189255196
scenario1018,-0.714807021203393
scenario1019,-0.714807021203393
scenario1020,-0.714807021203393
scenario1021,1.39396189255196
scenario1022,-0.714807021203393
scenario1023,1.39396189255196
scenario1024,-0.714807021203393
scenario1025,-0.714807021203393
scenario1026,1.39396189255196
scenario1027,1.39396189255196
scenario1028,1.39396189255196
scenario1029,1.39396189255196
scenario1030,-0.714807021203393
scenario1031,-0.714807021203393
scenario1032,1.39396189255196
scenario1033,-0.714807021203393
scenario1034,1.40591610882597
scenario1035,1.39396189255196
scenario1036,-0.714807021203393
scenario1037,1.39396189255196
scenario1038,-0.714807021203393
scenario1039,-0.714807021203393
scenario1040,1.39396189255196
scenario1041,-0.714807021203393
scenario1042,1.39396189255196
scenario1043,1.39396189255196
scenario1044,-0.714807021203393
scenario1045,-0.714807021203393
scenario1046,1.39396189255196
scenario1047,-0.714807021203393
scenario1048,-0.714807021203393
scenario1049,-0.714807021203393
scenario1050,1.39396189255196
scenario1051,1.39396189255196
scenario1052,-0.714807021203393
scenario1053,-0.714807021203393
scenario1054,1.39396189255196
scenario1055,-0.714807021203393
scenario1056,1.39396189255196
scenario1057,1.39396189255196
scenario1058,1.39396189255196
scenario1059,1.39396189255196
scenario1060,1.39396189255196
scenario1061,-0.714807021203393
scenario1062,1.39396189255196
scenario1063,-0.714807021203393
scenario1064,1.39396189255196
scenario1065,-0.714807021203393
scenario1066,-0.714807021203393
scenario1067,1.39396189255196
scenario1068,-0.714807021203393
scenario1069,-0.714807021203393
scenario1070,1.39396189255196
scenario1071,-0.714807021203393
scenario1072,1.39396189255196
scenario1073,1.39396189255196
scenario1074,1.39396189255196
scenario1075,1.39396189255196
scenario1076,1.39396189255196
scenario1077,-0.714807021203393
scenario1078,-0.714807021203393
scenario1079,-0.714807021203393
scenario1080,1.39396189255196
scenario1081,1.39396189255196
scenario1082,1.39396189255196
scenario1083,1.39396189255196
scenario1084,-0.714807021203393
scenario1085,1.39396189255196
scenario1086,-0.714807021203393
scenario1087,1.39396189255196
scenario1088,-0.714807021203393
scenario1089,-0.714807021203393
scenario1090,1.40591610882597
scenario1091,-0.714807021203393
scenario1092,-0.714807021203393
scenario1093,-0.714807021203393
scenario1094,-0.714807021203393
scenario1095,-0.714807021203393
scenario1096,-0.714807021203393
scenario1097,-0.714807021203393
scenario1098,-0.714807021203393
scenario1099,-0.714807021203393
scenario1100,-0.714807021203393
scenario1101,-0.714807021203393
scenario1102,1.40591610882597
scenario1103,-0.714807021203393
scenario1104,1.40591610882597
scenario1105,-0.714807021203393
scenario1106,-0.714807021203393
scenario1107,-0.714807021203393
scenario1108,-0.714807021203393
scenario1109,-0.714807021203393
scenario1110,-0.714807021203393
scenario1111,-0.714807021203393
scenario1112,-0.714807021203393
scenario1113,-0.714807021203393
scenario1114,-0.714807021203393
scenario1115,-0.714807021203393
scenario1116,-0.714807021203393
scenario1117,-0.714807021203393
scenario1118,-0.714807021203393
scenario1119,-0.714807021203393
scenario1120,-0.714807021203393
scenario1121,1.39396189255196
scenario1122,-0.714807021203393
scenario1123,1.39396189255196
scenario1124,1.39396189255196
scenario1125,1.39396189255196
scenario1126,-0.714807021203393
scenario1127,1.39396189255196
scenario1128,1.39396189255196
scenario1129,-0.714807021203393
scenario1130,1.39396189255196
scenario1131,-0.714807021203393
scenario1132,1.39396189255196
scenario1133,1.39396189255196
scenario1134,1.39396189255196
scenario1135,1.39396189255196
scenario1136,-0.714807021203393
scenario1137,-0.714807021203393
scenario1138,1.39396189255196
scenario1139,1.39396189255196
scenario1140,1.39396189255196
scenario1141,1.39396189255196
scenario1142,1.39396189255196
scenario1143,1.39396189255196
scenario1144,1.39396189255196
scenario1145,-0.714807021203393
scenario1146,1.39396189255196
scenario1147,1.39396189255196
scenario1148,1.39396189255196
scenario1149,1.39396189255196
scenario1150,1.39396189255196
scenario1151,-0.714807021203393
scenario1152,-0.714807021203393
scenario1153,1.39396189255196
scenario1154,1.39396189255196
scenario1155,-0.714807021203393
scenario1156,1.39396189255196
scenario1157,-0.714807021203393
scenario1158,1.39396189255196
scenario1159,1.39396189255196
scenario1160,1.39396189255196
scenario1161,1.39396189255196
scenario1162,-0.714807021203393
scenario1163,1.40591610882597
scenario1164,-0.714807021203393
scenario1165,-0.714807021203393
scenario1166,-0.714807021203393
scenario1167,-0.714807021203393
scenario1168,1.40591610882597
scenario1169,-0.714807021203393
scenario1170,-0.714807021203393
scenario1171,1.40591610882597
scenario1172,-0.714807021203393
scenario1173,-0.714807021203393
scenario1174,1.39396189255196
scenario1175,-0.714807021203393
scenario1176,1.39396189255196
scenario1177,-0.714807021203393
scenario1178,1.39396189255196
scenario1179,1.39396189255196
scenario1180,-0.714807021203393
scenario1181,-0.714807021203393
scenario1182,1.39396189255196
scenario1183,-0.714807021203393
scenario1184,-0.714807021203393
scenario1185,1.39396189255196
scenario1186,1.39396189255196
scenario1187,1.39396189255196
scenario1188,1.39396189255196
scenario1189,-0.714807021203393
scenario1190,-0.714807021203393
scenario1191,1.39396189255196
scenario1192,1.39396189255196
scenario1193,1.39396189255196
scenario1194,1.40591610882597
scenario1195,1.40591610882597
scenario1196,1.39396189255196
scenario1197,-0.714807021203393
scenario1198,1.39396189255196
scenario1199,1.39396189255196
scenario1200,1.39396189255196
scenario1201,1.39396189255196
scenario1202,1.39396189255196
scenario1203,-0.714807021203393
scenario1204,-0.714807021203393
scenario1205,-0.714807021203393
scenario1206,-0.714807021203393
scenario1207,-0.714807021203393
scenario1208,1.39396189255196
scenario1209,-0.714807021203393
scenario1210,-0.714807021203393
scenario1211,1.39396189255196
scenario1212,-0.714807021203393
scenario1213,-0.714807021203393
scenario1214,1.39396189255196
scenario1215,-0.714807021203393
scenario1216,-0.714807021203393
scenario1217,-0.714807021203393
scenario1218,1.40591610882597
scenario1219,1.40591610882597
scenario1220,1.40591610882597
scenario1221,-0.714807021203393
scenario1222,-0.714807021203393
scenario1223,-0.714807021203393
scenario1224,-0.714807021203393
scenario1225,-0.714807021203393
scenario1226,-0.714807021203393
scenario1227,-0.714807021203393
scenario1228,-0.714807021203393
scenario1229,-0.714807021203393
scenario1230,-0.714807021203393
scenario1231,-0.714807021203393
scenario1232,-0.714807021203393
scenario1233,-0.714807021203393
scenario1234,-0.714807021203393
scenario1235,-0.714807021203393
scenario1236,-0.714807021203393
scenario1237,-0.714807021203393
scenario1238,-0.714807021203393
scenario1239,-0.714807021203393
scenario1240,-0.714807021203393
scenario1241,-0.714807021203393
scenario1242,-0.714807021203393
scenario1243,-0.714807021203393
scenario1244,-0.714807021203393
scenario1245,-0.714807021203393
scenario1246,1.40591610882597
scenario1247,1.40591610882597
scenario1248,1.39396189255196
scenario1249,1.39396189255196
scenario1250,1.39396189255196
scenario1251,1.39396189255196
scenario1252,1.39396189255196
scenario1253,1.39396189255196
scenario1254,1.39396189255196
scenario1255,-0.714807021203393
scenario1256,-0.714807021203393
scenario1257,-0.714807021203393
scenario1258,-0.714807021203393
scenario1259,1.39396189255196
scenario1260,-0.714807021203393
scenario1261,-0.714807021203393
scenario1262,1.39396189255196
scenario1263,1.39396189255196
scenario1264,-0.714807021203393
scenario1265,-0.714807021203393
scenario1266,1.40591610882597
scenario1267,-0.714807021203393
scenario1268,1.40591610882597
scenario1269,1.40591610882597
scenario1270,1.39396189255196
scenario1271,1.39396189255196
scenario1272,-0.714807021203393
scenario1273,-0.714807021203393
scenario1274,1.39396189255196
scenario1275,-0.714807021203393
scenario1276,-0.714807021203393
scenario1277,-0.714807021203393
scenario1278,1.39396189255196
scenario1279,1.39396189255196
scenario1280,-0.714807021203393
scenario1281,1.39396189255196
scenario1282,-0.714807021203393
scenario1283,-0.714807021203393
scenario1284,-0.714807021203393
scenario1285,1.39396189255196
scenario1286,-0.714807021203393
scenario1287,1.39396189255196
scenario1288,1.40591610882597
scenario1289,-0.714807021203393
scenario1290,1.39396189255196
scenario1291,-0.714807021203393
scenario1292,-0.714807021203393
scenario1293,1.39396189255196
scenario1294,1.39396189255196
scenario1295,-0.714807021203393
scenario1296,-0.714807021203393
scenario1297,1.39396189255196
scenario1298,-0.714807021203393
scenario1299,1.39396189255196
scenario1300,-0.714807021203393
scenario1301,-0.714807021203393
scenario1302,-0.714807021203393
scenario1303,-0.714807021203393
scenario1304,1.39396189255196
scenario1305,-0.714807021203393
scenario1306,1.39396189255196
scenario1307,1.39396189255196
scenario1308,1.39396189255196
scenario1309,1.39396189255196
scenario1310,1.39396189255196
scenario1311,1.39396189255196
scenario1312,1.40591610882597
scenario1313,1.40591610882597
scenario1314,1.39396189255196
scenario1315,1.39396189255196
scenario1316,-0.714807021203393
scenario1317,1.39396189255196
scenario1318,-0.714807021203393
scenario1319,-0.714807021203393
scenario1320,-0.714807021203393
scenario1321,-0.714807021203393
scenario1322,-0.714807021203393
scenario1323,-0.714807021203393
scenario1324,-0.714807021203393
scenario1325,-0.714807021203393
scenario1326,-0.714807021203393
scenario1327,-0.714807021203393
scenario1328,-0.714807021203393
scenario1329,-0.714807021203393
scenario1330,-0.714807021203393
scenario1331,-0.714807021203393
scenario1332,-0.714807021203393
scenario1333,-0.714807021203393
scenario1334,-0.714807021203393
scenario1335,-0.714807021203393
scenario1336,-0.714807021203393
scenario1337,-0.714807021203393
scenario1338,-0.714807021203393
scenario1339,-0.714807021203393
scenario1340,-0.714807021203393
scenario1341,-0.714807021203393
scenario1342,-0.714807021203393
scenario1343,-0.714807021203393
scenario1344,-0.714807021203393
scenario1345,-0.714807021203393
scenario1346,-0.714807021203393
scenario1347,-0.714807021203393
scenario1348,-0.714807021203393
scenario1349,-0.714807021203393
scenario1350,-0.714807021203393
scenario1351,-0.714807021203393
scenario1352,-0.714807021203393
scenario1353,-0.714807021203393
scenario1354,-0.714807021203393
scenario1355,-0.714807021203393
scenario1356,-0.714807021203393
scenario1357,-0.714807021203393
scenario1358,1.40591610882597
scenario1359,-0.714807021203393
scenario1360,-0.714807021203393
scenario1361,1.39396189255196
scenario1362,1.39396189255196
scenario1363,-0.714807021203393
scenario1364,-0.714807021203393
scenario1365,-0.714807021203393
scenario1366,-0.714807021203393
scenario1367,-0.714807021203393
scenario1368,-0.714807021203393
scenario1369,-0.714807021203393
scenario1370,-0.714807021203393
scenario1371,-0.714807021203393
scenario1372,-0.714807021203393
scenario1373,-0.714807021203393
scenario1374,-0.714807021203393
scenario1375,-0.714807021203393
scenario1376,1.39396189255196
scenario1377,1.39396189255196
scenario1378,-0.714807021203393
scenario1379,-0.714807021203393
scenario1380,-0.714807021203393
scenario1381,-0.714807021203393
scenario1382,-0.714807021203393
scenario1383,-0.714807021203393
scenario1384,-0.714807021203393
scenario1385,-0.714807021203393
scenario1386,-0.714807021203393
scenario1387,1.40591610882597
scenario1388,-0.714807021203393
scenario1389,-0.714807021203393
scenario1390,1.40591610882597
scenario1391,1.39396189255196
scenario1392,-0.714807021203393
scenario1393,-0.714807021203393
scenario1394,1.39396189255196
scenario1395,-0.714807021203393
scenario1396,-0.714807021203393
scenario1397,-0.714807021203393
scenario1398,-0.714807021203393
scenario1399,1.40591610882597
scenario1400,1.40591610882597
scenario1401,-0.714807021203393
scenario1402,-0.714807021203393
scenario1403,1.39396189255196
scenario1404,-0.714807021203393
scenario1405,-0.714807021203393
scenario1406,1.40591610882597
scenario1407,-0.714807021203393
scenario1408,-0.714807021203393
scenario1409,-0.714807021203393
scenario1410,-0.714807021203393
scenario1411,-0.714807021203393
scenario1412,-0.714807021203393
scenario1413,-0.714807021203393
scenario1414,-0.714807021203393
scenario1415,-0.714807021203393
scenario1416,-0.714807021203393
scenario1417,-0.714807021203393
scenario1418,-0.714807021203393
scenario1419,-0.714807021203393
scenario1420,-0.714807021203393
scenario1421,-0.714807021203393
scenario1422,-0.714807021203393
scenario1423,-0.714807021203393
scenario1424,-0.714807021203393
scenario1425,-0.714807021203393
scenario1426,-0.714807021203393
scenario1427,-0.714807021203393
scenario1428,-0.714807021203393
scenario1429,-0.714807021203393
scenario1430,-0.714807021203393
scenario1431,-0.714807021203393
scenario1432,-0.714807021203393
scenario1433,-0.714807021203393
scenario1434,-0.714807021203393
scenario1435,-0.714807021203393
scenario1436,-0.714807021203393
scenario1437,-0.714807021203393
scenario1438,-0.714807021203393
scenario1439,-0.714807021203393
scenario1440,-0.714807021203393
scenario1441,-0.714807021203393
scenario1442,-0.714807021203393
scenario1443,-0.714807021203393
scenario1444,-0.714807021203393
scenario1445,1.39396189255196
scenario1446,1.39396189255196
scenario1447,-0.714807021203393
scenario1448,-0.714807021203393
scenario1449,-0.714807021203393
scenario1450,-0.714807021203393
scenario1451,-0.714807021203393
scenario1452,-0.714807021203393
scenario1453,-0.714807021203393
scenario1454,-0.714807021203393
scenario1455,-0.714807021203393
scenario1456,-0.714807021203393
scenario1457,-0.714807021203393
scenario1458,-0.714807021203393
scenario1459,-0.714807021203393
scenario1460,-0.714807021203393
scenario1461,-0.714807021203393
scenario1462,-0.714807021203393
scenario1463,-0.714807021203393
scenario1464,-0.714807021203393
scenario1465,-0.714807021203393
scenario1466,-0.714807021203393
scenario1467,-0.714807021203393
scenario1468,-0.714807021203393
scenario1469,-0.714807021203393
scenario1470,-0.714807021203393
scenario1471,-0.714807021203393
scenario1472,-0.714807021203393
scenario1473,1.39396189255196
scenario1474,-0.714807021203393
scenario1475,1.39396189255196
scenario1476,-0.714807021203393
scenario1477,1.39396189255196
scenario1478,1.39396189255196
scenario1479,-0.714807021203393
scenario1480,1.39396189255196
scenario1481,1.39396189255196
scenario1482,1.39396189255196
scenario1483,1.39396189255196
scenario1484,1.39396189255196
scenario1485,-0.714807021203393
scenario1486,1.39396189255196
scenario1487,1.39396189255196
scenario1488,-0.714807021203393
scenario1489,1.39396189255196
scenario1490,-0.714807021203393
scenario1491,-0.714807021203393
scenario1492,-0.714807021203393
scenario1493,1.39396189255196
scenario1494,-0.714807021203393
scenario1495,1.39396189255196
scenario1496,-0.714807021203393
scenario1497,1.39396189255196
scenario1498,-0.714807021203393
scenario1499,1.39396189255196
scenario1500,1.39396189255196
scenario1501,-0.714807021203393
scenario1502,1.40591610882597
scenario1503,-0.714807021203393
scenario1504,-0.714807021203393
scenario1505,-0.714807021203393
scenario1506,1.39396189255196
scenario1507,1.40591610882597
scenario1508,-0.714807021203393
scenario1509,-0.714807021203393
scenario1510,-0.714807021203393
scenario1511,1.40591610882597
scenario1512,1.40591610882597
scenario1513,-0.714807021203393
scenario1514,-0.714807021203393
scenario1515,1.40591610882597
scenario1516,-0.714807021203393
scenario1517,-0.714807021203393
scenario1518,-0.714807021203393
scenario1519,-0.714807021203393
scenario1520,-0.714807021203393
scenario1521,1.39396189255196
scenario1522,-0.714807021203393
scenario1523,1.40591610882597
scenario1524,-0.714807021203393
scenario1525,-0.714807021203393
scenario1526,-0.714807021203393
scenario1527,-0.714807021203393
scenario1528,-0.714807021203393
scenario1529,-0.714807021203393
scenario1530,-0.714807021203393
scenario1531,-0.714807021203393
scenario1532,-0.714807021203393
scenario1533,-0.714807021203393
scenario1534,1.40591610882597
scenario1535,-0.714807021203393
scenario1536,-0.714807021203393
scenario1537,-0.714807021203393
scenario1538,-0.714807021203393
scenario1539,-0.714807021203393
scenario1540,1.39396189255196
scenario1541,-0.714807021203393
scenario1542,-0.714807021203393
scenario1543,1.39396189255196
scenario1544,1.40591610882597
scenario1545,-0.714807021203393
scenario1546,-0.714807021203393
scenario1547,-0.714807021203393
scenario1548,1.40591610882597
scenario1549,-0.714807021203393
scenario1550,-0.714807021203393
scenario1551,-0.714807021203393
scenario1552,-0.714807021203393
scenario1553,-0.714807021203393
scenario1554,1.40591610882597
scenario1555,-0.714807021203393
scenario1556,-0.714807021203393
scenario1557,1.40591610882597
scenario1558,-0.714807021203393
scenario1559,-0.714807021203393
scenario1560,1.40591610882597
scenario1561,1.39396189255196
scenario1562,-0.714807021203393
scenario1563,-0.714807021203393
scenario1564,-0.714807021203393
scenario1565,-0.714807021203393
scenario1566,1.40591610882597
scenario1567,-0.714807021203393
scenario1568,-0.714807021203393
scenario1569,1.39396189255196
scenario1570,-0.714807021203393
scenario1571,1.40591610882597
scenario1572,-0.714807021203393
scenario1573,1.40591610882597
scenario1574,-0.714807021203393
scenario1575,-0.714807021203393
scenario1576,-0.714807021203393
scenario1577,-0.714807021203393
scenario1578,-0.714807021203393
scenario1579,-0.714807021203393
scenario1580,1.40591610882597
scenario1581,1.40591610882597
scenario1582,-0.714807021203393
scenario1583,-0.714807021203393
scenario1584,-0.714807021203393
scenario1585,-0.714807021203393
scenario1586,1.39396189255196
scenario1587,-0.714807021203393
scenario1588,-0.714807021203393
scenario1589,-0.714807021203393
scenario1590,-0.714807021203393
scenario1591,-0.714807021203393
scenario1592,-0.714807021203393
scenario1593,-0.714807021203393
scenario1594,-0.714807021203393
scenario1595,-0.714807021203393
scenario1596,-0.714807021203393
scenario1597,-0.714807021203393
scenario1598,-0.714807021203393
scenario1599,-0.714807021203393
scenario1600,-0.714807021203393
scenario1601,1.40591610882597
scenario1602,-0.714807021203393
scenario1603,-0.714807021203393
scenario1604,-0.714807021203393
scenario1605,-0.714807021203393
scenario1606,-0.714807021203393
scenario1607,-0.714807021203393
scenario1608,1.40591610882597
scenario1609,1.40591610882597
scenario1610,-0.714807021203393
scenario1611,-0.714807021203393
scenario1612,1.39396189255196
scenario1613,-0.714807021203393
scenario1614,-0.714807021203393
scenario1615,-0.714807021203393
scenario1616,1.40591610882597
scenario1617,-0.714807021203393
scenario1618,-0.714807021203393
scenario1619,-0.714807021203393
scenario1620,-0.714807021203393
scenario1621,-0.714807021203393
scenario1622,-0.714807021203393
scenario1623,-0.714807021203393
scenario1624,-0.714807021203393
scenario1625,-0.714807021203393
scenario1626,-0.714807021203393
scenario1627,-0.714807021203393
scenario1628,1.40591610882597
scenario1629,-0.714807021203393
scenario1630,1.40591610882597
scenario1631,-0.714807021203393
scenario1632,-0.714807021203393
scenario1633,-0.714807021203393
scenario1634,-0.714807021203393
scenario1635,-0.714807021203393
scenario1636,1.40591610882597
scenario1637,-0.714807021203393
scenario1638,1.40591610882597
scenario1639,-0.714807021203393
scenario1640,-0.714807021203393
scenario1641,-0.714807021203393
scenario1642,-0.714807021203393
scenario1643,-0.714807021203393
scenario1644,-0.714807021203393
scenario1645,-0.714807021203393
scenario1646,-0.714807021203393
scenario1647,-0.714807021203393
scenario1648,-0.714807021203393
scenario1649,-0.714807021203393
scenario1650,-0.714807021203393
scenario1651,-0.714807021203393
scenario1652,-0.714807021203393
scenario1653,1.40591610882597
scenario1654,-0.714807021203393
scenario1655,-0.714807021203393
scenario1656,1.40591610882597
scenario1657,-0.714807021203393
scenario1658,-0.714807021203393
scenario1659,-0.714807021203393
scenario1660,1.40591610882597
scenario1661,1.40591610882597
scenario1662,-0.714807021203393
scenario1663,1.40591610882597
scenario1664,-0.714807021203393
scenario1665,-0.714807021203393
scenario1666,-0.714807021203393
scenario1667,-0.714807021203393
scenario1668,-0.714807021203393
scenario1669,1.40591610882597
scenario1670,-0.714807021203393
scenario1671,1.40591610882597
scenario1672,-0.714807021203393
scenario1673,1.40591610882597
scenario1674,-0.714807021203393
scenario1675,-0.714807021203393
scenario1676,-0.714807021203393
scenario1677,-0.714807021203393
scenario1678,-0.714807021203393
scenario1679,-0.714807021203393
scenario1680,-0.714807021203393
scenario1681,1.39396189255196
scenario1682,-0.714807021203393
scenario1683,-0.714807021203393
scenario1684,-0.714807021203393
scenario1685,-0.714807021203393
scenario1686,1.39396189255196
scenario1687,-0.714807021203393
scenario1688,-0.714807021203393
scenario1689,-0.714807021203393
scenario1690,-0.714807021203393
scenario1691,-0.714807021203393
scenario1692,-0.714807021203393
scenario1693,-0.714807021203393
scenario1694,-0.714807021203393
scenario1695,-0.714807021203393
scenario1696,-0.714807021203393
scenario1697,-0.714807021203393
scenario1698,1.39396189255196
scenario1699,-0.714807021203393
scenario1700,-0.714807021203393
scenario1701,-0.714807021203393
scenario1702,1.40591610882597
scenario1703,-0.714807021203393
scenario1704,-0.714807021203393
scenario1705,1.39396189255196
scenario1706,-0.714807021203393
scenario1707,-0.714807021203393
scenario1708,-0.714807021203393
scenario1709,-0.714807021203393
scenario1710,-0.714807021203393
scenario1711,-0.714807021203393
scenario1712,1.40591610882597
scenario1713,1.40591610882597
scenario1714,-0.714807021203393
scenario1715,-0.714807021203393
scenario1716,1.40591610882597
scenario1717,-0.714807021203393
scenario1718,-0.714807021203393
scenario1719,-0.714807021203393
scenario1720,-0.714807021203393
scenario1721,-0.714807021203393
scenario1722,-0.714807021203393
scenario1723,-0.714807021203393
scenario1724,-0.714807021203393
scenario1725,-0.714807021203393
scenario1726,-0.714807021203393
scenario1727,-0.714807021203393
scenario1728,-0.714807021203393
scenario1729,-0.714807021203393
scenario1730,1.40591610882597
scenario1731,-0.714807021203393
scenario1732,-0.714807021203393
scenario1733,-0.714807021203393
scenario1734,1.40591610882597
scenario1735,-0.714807021203393
scenario1736,-0.714807021203393
scenario1737,-0.714807021203393
scenario1738,-0.714807021203393
scenario1739,-0.714807021203393
scenario1740,-0.714807021203393
scenario1741,1.40591610882597
scenario1742,-0.714807021203393
scenario1743,-0.714807021203393
scenario1744,-0.714807021203393
scenario1745,-0.714807021203393
scenario1746,1.40591610882597
scenario1747,-0.714807021203393
scenario1748,1.40591610882597
scenario1749,-0.714807021203393
scenario1750,-0.714807021203393
scenario1751,-0.714807021203393
scenario1752,-0.714807021203393
scenario1753,1.40591610882597
scenario1754,1.40591610882597
scenario1755,-0.714807021203393
scenario1756,-0.714807021203393
scenario1757,-0.714807021203393
scenario1758,-0.714807021203393
scenario1759,-0.714807021203393
scenario1760,-0.714807021203393
scenario1761,-0.714807021203393
scenario1762,-0.714807021203393
scenario1763,-0.714807021203393
scenario1764,-0.714807021203393
scenario1765,-0.714807021203393
scenario1766,-0.714807021203393
scenario1767,-0.714807021203393
scenario1768,-0.714807021203393
scenario1769,-0.714807021203393
scenario1770,1.40591610882597
scenario1771,1.40591610882597
scenario1772,-0.714807021203393
scenario1773,-0.714807021203393
scenario1774,-0.714807021203393
scenario1775,-0.714807021203393
scenario1776,-0.714807021203393
scenario1777,-0.714807021203393
scenario1778,-0.714807021203393
scenario1779,1.40591610882597
scenario1780,1.40591610882597
scenario1781,-0.714807021203393
scenario1782,-0.714807021203393
scenario1783,-0.714807021203393
scenario1784,-0.714807021203393
scenario1785,-0.714807021203393
scenario1786,-0.714807021203393
scenario1787,-0.714807021203393
scenario1788,-0.714807021203393
scenario1789,-0.714807021203393
scenario1790,-0.714807021203393
scenario1791,-0.714807021203393
scenario1792,-0.714807021203393
scenario1793,-0.714807021203393
scenario1794,-0.714807021203393
scenario1795,1.40591610882597
scenario1796,-0.714807021203393
scenario1797,-0.714807021203393
scenario1798,-0.714807021203393
scenario1799,-0.714807021203393
scenario1800,-0.714807021203393
scenario1801,-0.714807021203393
scenario1802,1.40591610882597
scenario1803,-0.714807021203393
scenario1804,-0.714807021203393
scenario1805,1.40591610882597
scenario1806,-0.714807021203393
scenario1807,-0.714807021203393
scenario1808,-0.714807021203393
scenario1809,1.40591610882597
scenario1810,-0.714807021203393
scenario1811,-0.714807021203393
scenario1812,-0.714807021203393
scenario1813,1.40591610882597
scenario1814,-0.714807021203393
scenario1815,-0.714807021203393
scenario1816,-0.714807021203393
scenario1817,-0.714807021203393
scenario1818,-0.714807021203393
scenario1819,-0.714807021203393
scenario1820,-0.714807021203393
scenario1821,-0.714807021203393
scenario1822,1.40591610882597
scenario1823,-0.714807021203393
scenario1824,-0.714807021203393
scenario1825,1.40591610882597
scenario1826,-0.714807021203393
scenario1827,-0.714807021203393
scenario1828,-0.714807021203393
scenario1829,-0.714807021203393
scenario1830,-0.714807021203393
scenario1831,-0.714807021203393
scenario1832,1.39396189255196
scenario1833,-0.714807021203393
scenario1834,-0.714807021203393
scenario1835,-0.714807021203393
scenario1836,1.40591610882597
scenario1837,-0.714807021203393
scenario1838,1.40591610882597
scenario1839,-0.714807021203393
scenario1840,-0.714807021203393
scenario1841,-0.714807021203393
scenario1842,-0.714807021203393
scenario1843,-0.714807021203393
scenario1844,1.40591610882597
scenario1845,-0.714807021203393
scenario1846,-0.714807021203393
scenario1847,1.40591610882597
scenario1848,-0.714807021203393
scenario1849,-0.714807021203393
scenario1850,-0.714807021203393
scenario1851,-0.714807021203393
scenario1852,-0.714807021203393
scenario1853,-0.714807021203393
scenario1854,-0.714807021203393
scenario1855,-0.714807021203393
scenario1856,1.40591610882597
scenario1857,-0.714807021203393
scenario1858,-0.714807021203393
scenario1859,-0.714807021203393
scenario1860,-0.714807021203393
scenario1861,-0.714807021203393
scenario1862,-0.714807021203393
scenario1863,1.40591610882597
scenario1864,-0.714807021203393
scenario1865,-0.714807021203393
scenario1866,-0.714807021203393
scenario1867,-0.714807021203393
scenario1868,-0.714807021203393
scenario1869,-0.714807021203393
scenario1870,-0.714807021203393
scenario1871,-0.714807021203393
scenario1872,-0.714807021203393
scenario1873,-0.714807021203393
scenario1874,-0.714807021203393
scenario1875,-0.714807021203393
scenario1876,-0.714807021203393
scenario1877,1.39396189255196
scenario1878,-0.714807021203393
scenario1879,-0.714807021203393
scenario1880,1.40591610882597
scenario1881,-0.714807021203393
scenario1882,-0.714807021203393
scenario1883,-0.714807021203393
scenario1884,-0.714807021203393
scenario1885,-0.714807021203393
scenario1886,-0.714807021203393
scenario1887,-0.714807021203393
scenario1888,1.39396189255196
scenario1889,1.40591610882597
scenario1890,-0.714807021203393
scenario1891,-0.714807021203393
scenario1892,1.40591610882597
scenario1893,-0.714807021203393
scenario1894,-0.714807021203393
scenario1895,-0.714807021203393
scenario1896,-0.714807021203393
scenario1897,-0.714807021203393
scenario1898,-0.714807021203393
scenario1899,-0.714807021203393
scenario1900,-0.714807021203393
scenario1901,-0.714807021203393
scenario1902,1.40591610882597
scenario1903,1.40591610882597
scenario1904,1.40591610882597
scenario1905,-0.714807021203393
scenario1906,-0.714807021203393
scenario1907,-0.714807021203393
scenario1908,1.40591610882597
scenario1909,-0.714807021203393
scenario1910,-0.714807021203393
scenario1911,-0.714807021203393
scenario1912,-0.714807021203393
scenario1913,-0.714807021203393
scenario1914,-0.714807021203393
scenario1915,1.39396189255196
scenario1916,-0.714807021203393
scenario1917,-0.714807021203393
scenario1918,-0.714807021203393
scenario1919,-0.714807021203393
scenario1920,1.39396189255196
scenario1921,-0.714807021203393
scenario1922,1.39396189255196
scenario1923,1.39396189255196
scenario1924,1.40591610882597
scenario1925,-0.714807021203393
scenario1926,1.40591610882597
scenario1927,1.40591610882597
scenario1928,-0.714807021203393
scenario1929,-0.714807021203393
scenario1930,1.40591610882597
scenario1931,1.40591610882597
scenario1932,1.39396189255196
scenario1933,-0.714807021203393
scenario1934,1.39396189255196
scenario1935,1.39396189255196
scenario1936,-0.714807021203393
scenario1937,1.40591610882597
scenario1938,1.40591610882597
scenario1939,-0.714807021203393
scenario1940,-0.714807021203393
scenario1941,1.39396189255196
scenario1942,1.40591610882597
scenario1943,1.39396189255196
scenario1944,1.40591610882597
scenario1945,1.39396189255196
scenario1946,-0.714807021203393
scenario1947,-0.714807021203393
scenario1948,-0.714807021203393
scenario1949,1.40591610882597
scenario1950,1.40591610882597
scenario1951,-0.714807021203393
scenario1952,1.40591610882597
scenario1953,1.39396189255196
scenario1954,1.40591610882597
scenario1955,1.40591610882597
scenario1956,1.40591610882597
scenario1957,1.40591610882597
scenario1958,1.40591610882597
scenario1959,1.40591610882597
scenario1960,1.39396189255196
scenario1961,-0.714807021203393
scenario1962,1.40591610882597
scenario1963,1.40591610882597
scenario1964,-0.714807021203393
scenario1965,1.40591610882597
scenario1966,1.40591610882597
scenario1967,-0.714807021203393
scenario1968,1.40591610882597
scenario1969,1.40591610882597
scenario1970,1.39396189255196
scenario1971,-0.714807021203393
scenario1972,-0.714807021203393
scenario1973,-0.714807021203393
scenario1974,1.40591610882597
scenario1975,1.40591610882597
scenario1976,1.39396189255196
scenario1977,1.40591610882597
scenario1978,1.40591610882597
scenario1979,1.40591610882597
scenario1980,1.39396189255196
scenario1981,-0.714807021203393
scenario1982,1.39396189255196
scenario1983,1.40591610882597
scenario1984,-0.714807021203393
scenario1985,1.40591610882597
scenario1986,1.40591610882597
scenario1987,-0.714807021203393
scenario1988,1.40591610882597
scenario1989,1.40591610882597
scenario1990,-0.714807021203393
scenario1991,-0.714807021203393
scenario1992,-0.714807021203393
scenario1993,-0.714807021203393
scenario1994,1.39396189255196
scenario1995,1.39396189255196
scenario1996,1.40591610882597
scenario1997,1.40591610882597
scenario1998,1.40591610882597
scenario1999,1.39396189255196
scenario2000,1.39396189255196
scenario2001,1.40591610882597
scenario2002,1.39396189255196
scenario2003,1.40591610882597
scenario2004,1.40591610882597
scenario2005,-0.714807021203393
scenario2006,-0.714807021203393
scenario2007,-0.714807021203393
scenario2008,-0.714807021203393
scenario2009,-0.714807021203393
scenario2010,-0.714807021203393
scenario2011,-0.714807021203393
scenario2012,1.40591610882597
scenario2013,-0.714807021203393
scenario2014,1.40591610882597
scenario2015,-0.714807021203393
scenario2016,-0.714807021203393
scenario2017,-0.714807021203393
scenario2018,1.40591610882597
scenario2019,-0.714807021203393
scenario2020,1.40591610882597
scenario2021,1.40591610882597
scenario2022,-0.714807021203393
scenario2023,-0.714807021203393
scenario2024,1.40591610882597
scenario2025,1.39396189255196
scenario2026,-0.714807021203393
scenario2027,-0.714807021203393
scenario2028,-0.714807021203393
scenario2029,-0.714807021203393
scenario2030,1.40591610882597
scenario2031,-0.714807021203393
scenario2032,-0.714807021203393
scenario2033,1.39396189255196
scenario2034,-0.714807021203393
scenario2035,1.39396189255196
scenario2036,-0.714807021203393
scenario2037,1.40591610882597
scenario2038,-0.714807021203393
scenario2039,-0.714807021203393
scenario2040,-0.714807021203393
scenario2041,-0.714807021203393
scenario2042,-0.714807021203393
scenario2043,-0.714807021203393
scenario2044,-0.714807021203393
scenario2045,-0.714807021203393
scenario2046,-0.714807021203393
scenario2047,-0.714807021203393
scenario2048,-0.714807021203393
scenario2049,1.39396189255196
scenario2050,-0.714807021203393
scenario2051,-0.714807021203393
scenario2052,-0.714807021203393
scenario2053,1.39396189255196
scenario2054,1.39396189255196
scenario2055,-0.714807021203393
scenario2056,1.39396189255196
scenario2057,1.39396189255196
scenario2058,-0.714807021203393
scenario2059,-0.714807021203393
scenario2060,-0.714807021203393
scenario2061,1.39396189255196
scenario2062,1.39396189255196
scenario2063,1.39396189255196
scenario2064,1.39396189255196
scenario2065,1.39396189255196
scenario2066,1.39396189255196
scenario2067,1.39396189255196
scenario2068,-0.714807021203393
scenario2069,1.39396189255196
scenario2070,-0.714807021203393
scenario2071,1.39396189255196
scenario2072,1.39396189255196
scenario2073,1.39396189255196
scenario2074,-0.714807021203393
scenario2075,1.39396189255196
scenario2076,1.39396189255196
scenario2077,-0.714807021203393
scenario2078,1.39396189255196
scenario2079,1.39396189255196
scenario2080,1.40591610882597
scenario2081,1.39396189255196
scenario2082,1.39396189255196
scenario2083,-0.714807021203393
scenario2084,1.39396189255196
scenario2085,1.39396189255196
scenario2086,1.39396189255196
scenario2087,1.39396189255196
scenario2088,1.39396189255196
scenario2089,-0.714807021203393
scenario2090,1.39396189255196
scenario2091,1.39396189255196
scenario2092,1.39396189255196
scenario2093,-0.714807021203393
scenario2094,1.39396189255196
scenario2095,1.39396189255196
scenario2096,1.39396189255196
scenario2097,1.39396189255196
scenario2098,1.39396189255196
scenario2099,-0.714807021203393
scenario2100,1.39396189255196
scenario2101,-0.714807021203393
scenario2102,1.39396189255196
scenario2103,1.39396189255196
scenario2104,-0.714807021203393
scenario2105,1.39396189255196
scenario2106,-0.714807021203393
scenario2107,-0.714807021203393
scenario2108,-0.714807021203393
scenario2109,1.39396189255196
scenario2110,1.39396189255196
scenario2111,-0.714807021203393
scenario2112,1.39396189255196
scenario2113,1.39396189255196
scenario2114,-0.714807021203393
scenario2115,-0.714807021203393
scenario2116,1.39396189255196
scenario2117,1.39396189255196
scenario2118,1.39396189255196
scenario2119,-0.714807021203393
scenario2120,1.39396189255196
scenario2121,1.40591610882597
scenario2122,1.39396189255196
scenario2123,1.39396189255196
scenario2124,1.39396189255196
scenario2125,-0.714807021203393
scenario2126,-0.714807021203393
scenario2127,1.39396189255196
scenario2128,1.39396189255196
scenario2129,1.39396189255196
scenario2130,1.39396189255196
scenario2131,1.39396189255196
scenario2132,1.39396189255196
scenario2133,-0.714807021203393
scenario2134,1.39396189255196
scenario2135,1.39396189255196
scenario2136,1.39396189255196
scenario2137,1.39396189255196
scenario2138,1.39396189255196
scenario2139,1.39396189255196
scenario2140,1.39396189255196
scenario2141,1.39396189255196
scenario2142,1.39396189255196
scenario2143,1.39396189255196
scenario2144,-0.714807021203393
scenario2145,-0.714807021203393
scenario2146,-0.714807021203393
scenario2147,-0.714807021203393
scenario2148,-0.714807021203393
scenario2149,-0.714807021203393
scenario2150,-0.714807021203393
scenario2151,-0.714807021203393
scenario2152,-0.714807021203393
scenario2153,-0.714807021203393
scenario2154,-0.714807021203393
scenario2155,-0.714807021203393
scenario2156,-0.714807021203393
scenario2157,-0.714807021203393
scenario2158,-0.714807021203393
scenario2159,-0.714807021203393
scenario2160,-0.714807021203393
scenario2161,-0.714807021203393
scenario2162,1.39396189255196
scenario2163,-0.714807021203393
scenario2164,1.39396189255196
scenario2165,1.39396189255196
scenario2166,-0.714807021203393
scenario2167,-0.714807021203393
scenario2168,1.39396189255196
scenario2169,-0.714807021203393
scenario2170,1.39396189255196
scenario2171,1.39396189255196
scenario2172,1.39396189255196
scenario2173,1.39396189255196
scenario2174,-0.714807021203393
scenario2175,1.39396189255196
scenario2176,-0.714807021203393
scenario2177,1.39396189255196
scenario2178,1.39396189255196
scenario2179,-0.714807021203393
scenario2180,1.39396189255196
scenario2181,1.39396189255196
scenario2182,-0.714807021203393
scenario2183,1.39396189255196
scenario2184,-0.714807021203393
scenario2185,-0.714807021203393
scenario2186,-0.714807021203393
scenario2187,1.39396189255196
scenario2188,-0.714807021203393
scenario2189,-0.714807021203393
scenario2190,1.39396189255196
scenario2191,-0.714807021203393
scenario2192,-0.714807021203393
scenario2193,1.39396189255196
scenario2194,1.39396189255196
scenario2195,1.39396189255196
scenario2196,1.39396189255196
scenario2197,-0.714807021203393
scenario2198,1.39396189255196
scenario2199,1.39396189255196
scenario2200,-0.714807021203393
scenario2201,1.39396189255196
scenario2202,1.39396189255196
scenario2203,1.39396189255196
scenario2204,1.39396189255196
scenario2205,1.39396189255196
scenario2206,1.39396189255196
scenario2207,-0.714807021203393
scenario2208,1.39396189255196
scenario2209,1.39396189255196
scenario2210,-0.714807021203393
scenario2211,-0.714807021203393
scenario2212,-0.714807021203393
scenario2213,1.39396189255196
scenario2214,1.39396189255196
scenario2215,1.39396189255196
scenario2216,1.39396189255196
scenario2217,-0.714807021203393
scenario2218,1.39396189255196
scenario2219,1.39396189255196
scenario2220,1.39396189255196
scenario2221,1.39396189255196
scenario2222,-0.714807021203393
scenario2223,-0.714807021203393
scenario2224,1.39396189255196
scenario2225,1.39396189255196
scenario2226,1.39396189255196
scenario2227,1.39396189255196
scenario2228,-0.714807021203393
scenario2229,1.39396189255196
scenario2230,1.39396189255196
scenario2231,-0.714807021203393
scenario2232,-0.714807021203393
scenario2233,-0.714807021203393
scenario2234,-0.714807021203393
scenario2235,-0.714807021203393
scenario2236,-0.714807021203393
scenario2237,-0.714807021203393
scenario2238,-0.714807021203393
scenario2239,-0.714807021203393
scenario2240,1.40591610882597
scenario2241,-0.714807021203393
scenario2242,1.40591610882597
scenario2243,1.39396189255196
scenario2244,-0.714807021203393
scenario2245,1.39396189255196
scenario2246,1.39396189255196
scenario2247,1.39396189255196
scenario2248,1.39396189255196
scenario2249,1.39396189255196
scenario2250,-0.714807021203393
scenario2251,-0.714807021203393
scenario2252,-0.714807021203393
scenario2253,1.39396189255196
scenario2254,1.39396189255196
scenario2255,-0.714807021203393
scenario2256,1.39396189255196
scenario2257,1.39396189255196
scenario2258,-0.714807021203393
scenario2259,-0.714807021203393
scenario2260,1.39396189255196
scenario2261,1.39396189255196
scenario2262,1.39396189255196
scenario2263,1.40591610882597
scenario2264,-0.714807021203393
scenario2265,1.39396189255196
scenario2266,1.39396189255196
scenario2267,1.39396189255196
scenario2268,-0.714807021203393
scenario2269,1.39396189255196
scenario2270,1.39396189255196
scenario2271,1.39396189255196
scenario2272,1.39396189255196
scenario2273,1.39396189255196
scenario2274,-0.714807021203393
scenario2275,1.39396189255196
scenario2276,1.39396189255196
scenario2277,1.39396189255196
scenario2278,-0.714807021203393
scenario2279,1.39396189255196
scenario2280,1.39396189255196
scenario2281,1.39396189255196
scenario2282,-0.714807021203393
scenario2283,-0.714807021203393
scenario2284,1.39396189255196
scenario2285,1.39396189255196
scenario2286,1.40591610882597
scenario2287,-0.714807021203393
scenario2288,1.39396189255196
scenario2289,1.39396189255196
scenario2290,1.39396189255196
scenario2291,1.39396189255196
scenario2292,1.39396189255196
scenario2293,1.39396189255196
scenario2294,1.39396189255196
scenario2295,1.39396189255196
scenario2296,1.39396189255196
scenario2297,1.39396189255196
scenario2298,1.39396189255196
scenario2299,1.39396189255196
scenario2300,1.39396189255196
scenario2301,1.40591610882597
scenario2302,-0.714807021203393
scenario2303,1.39396189255196
scenario2304,-0.714807021203393
scenario2305,-0.714807021203393
scenario2306,-0.714807021203393
scenario2307,-0.714807021203393
scenario2308,-0.714807021203393
scenario2309,-0.714807021203393
scenario2310,-0.714807021203393
scenario2311,-0.714807021203393
scenario2312,-0.714807021203393
scenario2313,-0.714807021203393
scenario2314,-0.714807021203393
scenario2315,-0.714807021203393
scenario2316,-0.714807021203393
scenario2317,-0.714807021203393
scenario2318,-0.714807021203393
scenario2319,-0.714807021203393
scenario2320,-0.714807021203393
scenario2321,1.39396189255196
scenario2322,1.39396189255196
scenario2323,-0.714807021203393
scenario2324,1.39396189255196
scenario2325,-0.714807021203393
scenario2326,1.39396189255196
scenario2327,-0.714807021203393
scenario2328,-0.714807021203393
scenario2329,1.39396189255196
scenario2330,1.39396189255196
scenario2331,1.39396189255196
scenario2332,-0.714807021203393
scenario2333,-0.714807021203393
scenario2334,1.39396189255196
scenario2335,1.39396189255196
scenario2336,1.39396189255196
scenario2337,1.39396189255196
scenario2338,1.40591610882597
scenario2339,-0.714807021203393
scenario2340,1.39396189255196
scenario2341,-0.714807021203393
scenario2342,-0.714807021203393
scenario2343,-0.714807021203393
scenario2344,1.39396189255196
scenario2345,-0.714807021203393
scenario2346,-0.714807021203393
scenario2347,1.39396189255196
scenario2348,-0.714807021203393
scenario2349,-0.714807021203393
scenario2350,-0.714807021203393
scenario2351,1.39396189255196
scenario2352,-0.714807021203393
scenario2353,1.39396189255196
scenario2354,-0.714807021203393
scenario2355,1.39396189255196
scenario2356,-0.714807021203393
scenario2357,-0.714807021203393
scenario2358,-0.714807021203393
scenario2359,-0.714807021203393
scenario2360,-0.714807021203393
scenario2361,-0.714807021203393
scenario2362,-0.714807021203393
scenario2363,-0.714807021203393
scenario2364,-0.714807021203393
scenario2365,-0.714807021203393
scenario2366,-0.714807021203393
scenario2367,-0.714807021203393
scenario2368,-0.714807021203393
scenario2369,-0.714807021203393
scenario2370,-0.714807021203393
scenario2371,-0.714807021203393
scenario2372,-0.714807021203393
scenario2373,-0.714807021203393
scenario2374,1.40591610882597
scenario2375,-0.714807021203393
scenario2376,-0.714807021203393
scenario2377,-0.714807021203393
scenario2378,1.39396189255196
scenario2379,1.39396189255196
scenario2380,1.39396189255196
scenario2381,-0.714807021203393
scenario2382,-0.714807021203393
scenario2383,1.39396189255196
scenario2384,1.39396189255196
scenario2385,-0.714807021203393
scenario2386,1.39396189255196
scenario2387,1.39396189255196
scenario2388,1.39396189255196
scenario2389,1.39396189255196
scenario2390,1.39396189255196
scenario2391,1.39396189255196
scenario2392,1.40591610882597
scenario2393,1.39396189255196
scenario2394,1.39396189255196
scenario2395,-0.714807021203393
scenario2396,1.40591610882597
scenario2397,-0.714807021203393
scenario2398,-0.714807021203393
scenario2399,-0.714807021203393
scenario2400,-0.714807021203393
scenario2401,-0.714807021203393
scenario2402,1.40591610882597
scenario2403,-0.714807021203393
scenario2404,1.40591610882597
scenario2405,-0.714807021203393
scenario2406,-0.714807021203393
scenario2407,-0.714807021203393
scenario2408,-0.714807021203393
scenario2409,1.40591610882597
scenario2410,1.39396189255196
scenario2411,-0.714807021203393
scenario2412,1.39396189255196
scenario2413,-0.714807021203393
scenario2414,-0.714807021203393
scenario2415,-0.714807021203393
scenario2416,1.39396189255196
scenario2417,1.39396189255196
scenario2418,-0.714807021203393
scenario2419,-0.714807021203393
scenario2420,-0.714807021203393
scenario2421,-0.714807021203393
scenario2422,1.40591610882597
scenario2423,-0.714807021203393
scenario2424,1.39396189255196
scenario2425,1.40591610882597
scenario2426,1.39396189255196
scenario2427,1.39396189255196
scenario2428,-0.714807021203393
scenario2429,1.40591610882597
scenario2430,1.40591610882597
scenario2431,1.39396189255196
scenario2432,1.39396189255196
scenario2433,1.40591610882597
scenario2434,1.39396189255196
scenario2435,1.39396189255196
scenario2436,1.39396189255196
scenario2437,-0.714807021203393
scenario2438,1.39396189255196
scenario2439,1.39396189255196
scenario2440,-0.714807021203393
scenario2441,1.39396189255196
scenario2442,1.39396189255196
scenario2443,-0.714807021203393
scenario2444,-0.714807021203393
scenario2445,1.39396189255196
scenario2446,1.39396189255196
scenario2447,1.39396189255196
scenario2448,-0.714807021203393
scenario2449,1.39396189255196
scenario2450,-0.714807021203393
scenario2451,1.39396189255196
scenario2452,1.39396189255196
scenario2453,-0.714807021203393
scenario2454,1.39396189255196
scenario2455,1.39396189255196
scenario2456,-0.714807021203393
scenario2457,1.39396189255196
scenario2458,-0.714807021203393
scenario2459,1.39396189255196
scenario2460,1.39396189255196
scenario2461,-0.714807021203393
scenario2462,-0.714807021203393
scenario2463,1.39396189255196
scenario2464,-0.714807021203393
scenario2465,-0.714807021203393
scenario2466,-0.714807021203393
scenario2467,-0.714807021203393
scenario2468,-0.714807021203393
scenario2469,-0.714807021203393
scenario2470,1.39396189255196
scenario2471,1.39396189255196
scenario2472,1.39396189255196
scenario2473,1.39396189255196
scenario2474,1.39396189255196
scenario2475,1.39396189255196
scenario2476,-0.714807021203393
scenario2477,-0.714807021203393
scenario2478,-0.714807021203393
scenario2479,1.39396189255196
scenario2480,-0.714807021203393
scenario2481,1.39396189255196
scenario2482,1.39396189255196
scenario2483,-0.714807021203393
scenario2484,-0.714807021203393
scenario2485,-0.714807021203393
scenario2486,1.39396189255196
scenario2487,-0.714807021203393
scenario2488,-0.714807021203393
scenario2489,1.39396189255196
scenario2490,1.39396189255196
scenario2491,-0.714807021203393
scenario2492,1.39396189255196
scenario2493,-0.714807021203393
scenario2494,-0.714807021203393
scenario2495,1.40591610882597
scenario2496,1.39396189255196
scenario2497,1.39396189255196
scenario2498,1.39396189255196
scenario2499,1.39396189255196
scenario2500,1.39396189255196
scenario2501,1.39396189255196
scenario2502,1.39396189255196
scenario2503,1.39396189255196
scenario2504,1.39396189255196
scenario2505,1.39396189255196
scenario2506,-0.714807021203393
scenario2507,-0.714807021203393
scenario2508,-0.714807021203393
scenario2509,-0.714807021203393
scenario2510,-0.714807021203393
scenario2511,-0.714807021203393
scenario2512,-0.714807021203393
scenario2513,-0.714807021203393
scenario2514,-0.714807021203393
scenario2515,-0.714807021203393
scenario2516,-0.714807021203393
scenario2517,-0.714807021203393
scenario2518,-0.714807021203393
scenario2519,-0.714807021203393
scenario2520,-0.714807021203393
scenario2521,-0.714807021203393
scenario2522,-0.714807021203393
scenario2523,-0.714807021203393
scenario2524,-0.714807021203393
scenario2525,-0.714807021203393
scenario2526,-0.714807021203393
scenario2527,-0.714807021203393
scenario2528,-0.714807021203393
scenario2529,-0.714807021203393
scenario2530,-0.714807021203393
scenario2531,-0.714807021203393
scenario2532,-0.714807021203393
scenario2533,-0.714807021203393
scenario2534,-0.714807021203393
scenario2535,-0.714807021203393
scenario2536,-0.714807021203393
scenario2537,-0.714807021203393
scenario2538,-0.714807021203393
scenario2539,-0.714807021203393
scenario2540,-0.714807021203393
scenario2541,-0.714807021203393
scenario2542,-0.714807021203393
scenario2543,-0.714807021203393
scenario2544,-0.714807021203393
scenario2545,-0.714807021203393
scenario2546,-0.714807021203393
scenario2547,-0.714807021203393
scenario2548,-0.714807021203393
scenario2549,-0.714807021203393
scenario2550,-0.714807021203393
scenario2551,-0.714807021203393
scenario2552,-0.714807021203393
scenario2553,-0.714807021203393
scenario2554,-0.714807021203393
scenario2555,-0.714807021203393
scenario2556,1.40591610882597
scenario2557,-0.714807021203393
scenario2558,-0.714807021203393
scenario2559,1.40591610882597
scenario2560,-0.714807021203393
scenario2561,-0.714807021203393
scenario2562,-0.714807021203393
scenario2563,1.39396189255196
scenario2564,1.39396189255196
scenario2565,1.39396189255196
scenario2566,-0.714807021203393
scenario2567,1.39396189255196
scenario2568,1.39396189255196
scenario2569,1.39396189255196
scenario2570,1.39396189255196
scenario2571,1.39396189255196
scenario2572,1.39396189255196
scenario2573,1.39396189255196
scenario2574,-0.714807021203393
scenario2575,-0.714807021203393
scenario2576,1.39396189255196
scenario2577,1.39396189255196
scenario2578,1.39396189255196
scenario2579,1.39396189255196
scenario2580,1.39396189255196
scenario2581,1.39396189255196
scenario2582,-0.714807021203393
scenario2583,-0.714807021203393
scenario2584,1.39396189255196
scenario2585,1.39396189255196
scenario2586,1.39396189255196
scenario2587,-0.714807021203393
scenario2588,1.39396189255196
scenario2589,1.39396189255196
scenario2590,1.39396189255196
scenario2591,-0.714807021203393
scenario2592,-0.714807021203393
scenario2593,1.39396189255196
scenario2594,1.39396189255196
scenario2595,1.39396189255196
scenario2596,1.39396189255196
scenario2597,1.39396189255196
scenario2598,-0.714807021203393
scenario2599,1.39396189255196
scenario2600,1.39396189255196
scenario2601,1.39396189255196
scenario2602,1.39396189255196
scenario2603,1.39396189255196
scenario2604,1.40591610882597
scenario2605,1.39396189255196
scenario2606,1.39396189255196
scenario2607,1.39396189255196
scenario2608,1.39396189255196
scenario2609,1.39396189255196
scenario2610,1.39396189255196
scenario2611,1.39396189255196
scenario2612,-0.714807021203393
scenario2613,-0.714807021203393
scenario2614,-0.714807021203393
scenario2615,-0.714807021203393
scenario2616,-0.714807021203393
scenario2617,-0.714807021203393
scenario2618,-0.714807021203393
scenario2619,1.40591610882597
scenario2620,-0.714807021203393
scenario2621,1.40591610882597
scenario2622,-0.714807021203393
scenario2623,-0.714807021203393
scenario2624,-0.714807021203393
scenario2625,-0.714807021203393
scenario2626,-0.714807021203393
scenario2627,-0.714807021203393
scenario2628,-0.714807021203393
scenario2629,-0.714807021203393
scenario2630,-0.714807021203393
scenario2631,1.40591610882597
scenario2632,1.40591610882597
scenario2633,-0.714807021203393
scenario2634,-0.714807021203393
scenario2635,-0.714807021203393
scenario2636,-0.714807021203393
scenario2637,-0.714807021203393
scenario2638,-0.714807021203393
scenario2639,-0.714807021203393
scenario2640,-0.714807021203393
scenario2641,-0.714807021203393
scenario2642,-0.714807021203393
scenario2643,-0.714807021203393
scenario2644,-0.714807021203393
scenario2645,1.40591610882597
scenario2646,-0.714807021203393
scenario2647,-0.714807021203393
scenario2648,-0.714807021203393
scenario2649,-0.714807021203393
scenario2650,-0.714807021203393
scenario2651,-0.714807021203393
scenario2652,-0.714807021203393
scenario2653,-0.714807021203393
scenario2654,1.40591610882597
scenario2655,1.40591610882597
scenario2656,-0.714807021203393
scenario2657,-0.714807021203393
scenario2658,-0.714807021203393
scenario2659,-0.714807021203393
scenario2660,-0.714807021203393
scenario2661,-0.714807021203393
scenario2662,-0.714807021203393
scenario2663,-0.714807021203393
scenario2664,1.40591610882597
scenario2665,-0.714807021203393
scenario2666,1.39396189255196
scenario2667,-0.714807021203393
scenario2668,1.40591610882597
scenario2669,-0.714807021203393
scenario2670,-0.714807021203393
scenario2671,-0.714807021203393
scenario2672,-0.714807021203393
scenario2673,1.40591610882597
scenario2674,1.40591610882597
scenario2675,-0.714807021203393
scenario2676,-0.714807021203393
scenario2677,-0.714807021203393
scenario2678,-0.714807021203393
scenario2679,-0.714807021203393
scenario2680,-0.714807021203393
scenario2681,-0.714807021203393
scenario2682,-0.714807021203393
scenario2683,1.40591610882597
scenario2684,1.40591610882597
scenario2685,1.40591610882597
scenario2686,1.40591610882597
scenario2687,-0.714807021203393
scenario2688,-0.714807021203393
scenario2689,-0.714807021203393
scenario2690,1.40591610882597
scenario2691,1.40591610882597
scenario2692,-0.714807021203393
scenario2693,-0.714807021203393
scenario2694,-0.714807021203393
scenario2695,1.40591610882597
scenario2696,-0.714807021203393
scenario2697,-0.714807021203393
scenario2698,-0.714807021203393
scenario2699,-0.714807021203393
scenario2700,-0.714807021203393
scenario2701,-0.714807021203393
scenario2702,-0.714807021203393
scenario2703,-0.714807021203393
scenario2704,-0.714807021203393
scenario2705,-0.714807021203393
scenario2706,-0.714807021203393
scenario2707,1.40591610882597
scenario2708,-0.714807021203393
scenario2709,-0.714807021203393
scenario2710,-0.714807021203393
scenario2711,-0.714807021203393
scenario2712,-0.714807021203393
scenario2713,-0.714807021203393
scenario2714,1.40591610882597
scenario2715,-0.714807021203393
scenario2716,-0.714807021203393
scenario2717,-0.714807021203393
scenario2718,-0.714807021203393
scenario2719,-0.714807021203393
scenario2720,-0.714807021203393
scenario2721,-0.714807021203393
scenario2722,-0.714807021203393
scenario2723,-0.714807021203393
scenario2724,-0.714807021203393
scenario2725,1.40591610882597
scenario2726,-0.714807021203393
scenario2727,-0.714807021203393
scenario2728,-0.714807021203393
scenario2729,-0.714807021203393
scenario2730,-0.714807021203393
scenario2731,-0.714807021203393
scenario2732,-0.714807021203393
scenario2733,-0.714807021203393
scenario2734,-0.714807021203393
scenario2735,-0.714807021203393
scenario2736,1.40591610882597
scenario2737,-0.714807021203393
scenario2738,1.40591610882597
scenario2739,-0.714807021203393
scenario2740,-0.714807021203393
scenario2741,1.40591610882597
scenario2742,-0.714807021203393
scenario2743,-0.714807021203393
scenario2744,-0.714807021203393
scenario2745,-0.714807021203393
scenario2746,-0.714807021203393
scenario2747,-0.714807021203393
scenario2748,-0.714807021203393
scenario2749,-0.714807021203393
scenario2750,-0.714807021203393
scenario2751,-0.714807021203393
scenario2752,-0.714807021203393
scenario2753,-0.714807021203393
scenario2754,-0.714807021203393
scenario2755,-0.714807021203393
scenario2756,-0.714807021203393
scenario2757,1.40591610882597
scenario2758,1.39396189255196
scenario2759,-0.714807021203393
scenario2760,1.40591610882597
scenario2761,1.39396189255196
scenario2762,1.39396189255196
scenario2763,-0.714807021203393
scenario2764,-0.714807021203393
scenario2765,-0.714807021203393
scenario2766,-0.714807021203393
scenario2767,-0.714807021203393
scenario2768,-0.714807021203393
scenario2769,1.40591610882597
scenario2770,-0.714807021203393
scenario2771,-0.714807021203393
scenario2772,-0.714807021203393
scenario2773,-0.714807021203393
scenario2774,-0.714807021203393
scenario2775,-0.714807021203393
scenario2776,-0.714807021203393
scenario2777,-0.714807021203393
scenario2778,-0.714807021203393
scenario2779,-0.714807021203393
scenario2780,1.40591610882597
scenario2781,1.40591610882597
scenario2782,-0.714807021203393
scenario2783,-0.714807021203393
scenario2784,-0.714807021203393
scenario2785,1.40591610882597
scenario2786,-0.714807021203393
scenario2787,-0.714807021203393
scenario2788,-0.714807021203393
scenario2789,-0.714807021203393
scenario2790,-0.714807021203393
scenario2791,-0.714807021203393
scenario2792,-0.714807021203393
scenario2793,-0.714807021203393
scenario2794,-0.714807021203393
scenario2795,-0.714807021203393
scenario2796,-0.714807021203393
scenario2797,-0.714807021203393
scenario2798,-0.714807021203393
scenario2799,-0.714807021203393
scenario2800,-0.714807021203393
scenario2801,-0.714807021203393
scenario2802,-0.714807021203393
scenario2803,-0.714807021203393
scenario2804,-0.714807021203393
scenario2805,-0.714807021203393
scenario2806,-0.714807021203393
scenario2807,1.39396189255196
scenario2808,1.40591610882597
scenario2809,-0.714807021203393
scenario2810,-0.714807021203393
scenario2811,-0.714807021203393
scenario2812,1.40591610882597
scenario2813,-0.714807021203393
scenario2814,-0.714807021203393
scenario2815,-0.714807021203393
scenario2816,-0.714807021203393
scenario2817,-0.714807021203393
scenario2818,-0.714807021203393
scenario2819,-0.714807021203393
scenario2820,-0.714807021203393
scenario2821,-0.714807021203393
scenario2822,1.40591610882597
scenario2823,-0.714807021203393
scenario2824,-0.714807021203393
scenario2825,1.39396189255196
scenario2826,-0.714807021203393
scenario2827,1.40591610882597
scenario2828,-0.714807021203393
scenario2829,-0.714807021203393
scenario2830,-0.714807021203393
scenario2831,-0.714807021203393
scenario2832,-0.714807021203393
scenario2833,-0.714807021203393
scenario2834,-0.714807021203393
scenario2835,1.40591610882597
scenario2836,-0.714807021203393
scenario2837,-0.714807021203393
scenario2838,-0.714807021203393
scenario2839,-0.714807021203393
scenario2840,-0.714807021203393
scenario2841,-0.714807021203393
scenario2842,-0.714807021203393
scenario2843,-0.714807021203393
scenario2844,1.40591610882597
scenario2845,-0.714807021203393
scenario2846,-0.714807021203393
scenario2847,-0.714807021203393
scenario2848,-0.714807021203393
scenario2849,-0.714807021203393
scenario2850,-0.714807021203393
scenario2851,-0.714807021203393
scenario2852,-0.714807021203393
scenario2853,-0.714807021203393
scenario2854,1.40591610882597
scenario2855,-0.714807021203393
scenario2856,1.40591610882597
scenario2857,-0.714807021203393
scenario2858,-0.714807021203393
scenario2859,-0.714807021203393
scenario2860,-0.714807021203393
scenario2861,-0.714807021203393
scenario2862,-0.714807021203393
scenario2863,-0.714807021203393
scenario2864,-0.714807021203393
scenario2865,-0.714807021203393
scenario2866,1.39396189255196
scenario2867,1.40591610882597
scenario2868,-0.714807021203393
scenario2869,-0.714807021203393
scenario2870,-0.714807021203393
scenario2871,-0.714807021203393
scenario2872,-0.714807021203393
scenario2873,1.40591610882597
scenario2874,-0.714807021203393
scenario2875,1.40591610882597
scenario2876,-0.714807021203393
scenario2877,-0.714807021203393
scenario2878,-0.714807021203393
scenario2879,-0.714807021203393
scenario2880,-0.714807021203393
scenario2881,-0.714807021203393
scenario2882,-0.714807021203393
scenario2883,1.39396189255196
scenario2884,1.40591610882597
scenario2885,-0.714807021203393
scenario2886,-0.714807021203393
scenario2887,-0.714807021203393
scenario2888,1.40591610882597
scenario2889,-0.714807021203393
scenario2890,1.40591610882597
scenario2891,-0.714807021203393
scenario2892,-0.714807021203393
scenario2893,-0.714807021203393
scenario2894,-0.714807021203393
scenario2895,-0.714807021203393
scenario2896,-0.714807021203393
scenario2897,1.40591610882597
scenario2898,-0.714807021203393
scenario2899,-0.714807021203393
scenario2900,1.39396189255196
scenario2901,-0.714807021203393
scenario2902,-0.714807021203393
scenario2903,-0.714807021203393
scenario2904,-0.714807021203393
scenario2905,-0.714807021203393
scenario2906,-0.714807021203393
scenario2907,-0.714807021203393
scenario2908,-0.714807021203393
scenario2909,-0.714807021203393
scenario2910,-0.714807021203393
scenario2911,1.40591610882597
scenario2912,1.40591610882597
scenario2913,1.40591610882597
scenario2914,1.40591610882597
scenario2915,-0.714807021203393
scenario2916,-0.714807021203393
scenario2917,-0.714807021203393
scenario2918,-0.714807021203393
scenario2919,-0.714807021203393
scenario2920,-0.714807021203393
scenario2921,-0.714807021203393
scenario2922,-0.714807021203393
scenario2923,-0.714807021203393
scenario2924,-0.714807021203393
scenario2925,1.40591610882597
scenario2926,-0.714807021203393
scenario2927,-0.714807021203393
scenario2928,-0.714807021203393
scenario2929,-0.714807021203393
scenario2930,-0.714807021203393
scenario2931,-0.714807021203393
scenario2932,-0.714807021203393
scenario2933,-0.714807021203393
scenario2934,1.40591610882597
scenario2935,-0.714807021203393
scenario2936,1.40591610882597
scenario2937,-0.714807021203393
scenario2938,-0.714807021203393
scenario2939,-0.714807021203393
scenario2940,-0.714807021203393
scenario2941,-0.714807021203393
scenario2942,-0.714807021203393
scenario2943,1.40591610882597
scenario2944,-0.714807021203393
scenario2945,-0.714807021203393
scenario2946,1.40591610882597
scenario2947,-0.714807021203393
scenario2948,-0.714807021203393
scenario2949,-0.714807021203393
scenario2950,1.40591610882597
scenario2951,1.40591610882597
scenario2952,-0.714807021203393
scenario2953,1.40591610882597
scenario2954,-0.714807021203393
scenario2955,-0.714807021203393
scenario2956,-0.714807021203393
scenario2957,1.40591610882597
scenario2958,-0.714807021203393
scenario2959,1.39396189255196
scenario2960,-0.714807021203393
scenario2961,-0.714807021203393
scenario2962,1.40591610882597
scenario2963,-0.714807021203393
scenario2964,-0.714807021203393
scenario2965,-0.714807021203393
scenario2966,-0.714807021203393
scenario2967,-0.714807021203393
scenario2968,-0.714807021203393
scenario2969,1.40591610882597
scenario2970,-0.714807021203393
scenario2971,-0.714807021203393
scenario2972,-0.714807021203393
scenario2973,-0.714807021203393
scenario2974,1.40591610882597
scenario2975,-0.714807021203393
scenario2976,-0.714807021203393
scenario2977,-0.714807021203393
scenario2978,-0.714807021203393
scenario2979,-0.714807021203393
scenario2980,1.39396189255196
scenario2981,-0.714807021203393
scenario2982,-0.714807021203393
scenario2983,-0.714807021203393
scenario2984,-0.714807021203393
scenario2985,1.39396189255196
scenario2986,-0.714807021203393
scenario2987,1.40591610882597
scenario2988,-0.714807021203393
scenario2989,1.40591610882597
scenario2990,-0.714807021203393
scenario2991,-0.714807021203393
scenario2992,-0.714807021203393
scenario2993,-0.714807021203393
scenario2994,-0.714807021203393
scenario2995,-0.714807021203393
scenario2996,-0.714807021203393
scenario2997,-0.714807021203393
scenario2998,1.40591610882597
scenario2999,1.40591610882597
scenario3000,-0.714807021203393
scenario3001,-0.714807021203393
scenario3002,-0.714807021203393
scenario3003,-0.714807021203393
scenario3004,-0.714807021203393
scenario3005,-0.714807021203393
scenario3006,-0.714807021203393
scenario3007,-0.714807021203393
scenario3008,-0.714807021203393
scenario3009,-0.714807021203393
scenario3010,-0.714807021203393
scenario3011,-0.714807021203393
scenario3012,-0.714807021203393
scenario3013,1.40591610882597
scenario3014,-0.714807021203393
scenario3015,-0.714807021203393
scenario3016,-0.714807021203393
scenario3017,-0.714807021203393
scenario3018,-0.714807021203393
scenario3019,1.40591610882597
scenario3020,1.40591610882597
scenario3021,-0.714807021203393
scenario3022,-0.714807021203393
scenario3023,-0.714807021203393
scenario3024,-0.714807021203393
scenario3025,-0.714807021203393
scenario3026,-0.714807021203393
scenario3027,-0.714807021203393
scenario3028,1.40591610882597
scenario3029,-0.714807021203393
scenario3030,-0.714807021203393
scenario3031,-0.714807021203393
scenario3032,1.39396189255196
scenario3033,-0.714807021203393
scenario3034,-0.714807021203393
scenario3035,-0.714807021203393
scenario3036,1.40591610882597
scenario3037,-0.714807021203393
scenario3038,-0.714807021203393
scenario3039,-0.714807021203393
scenario3040,-0.714807021203393
scenario3041,-0.714807021203393
scenario3042,-0.714807021203393
scenario3043,-0.714807021203393
scenario3044,-0.714807021203393
scenario3045,-0.714807021203393
scenario3046,-0.714807021203393
scenario3047,-0.714807021203393
scenario3048,-0.714807021203393
scenario3049,1.40591610882597
scenario3050,-0.714807021203393
scenario3051,-0.714807021203393
scenario3052,-0.714807021203393
scenario3053,-0.714807021203393
scenario3054,-0.714807021203393
scenario3055,-0.714807021203393
scenario3056,-0.714807021203393
